text,label
यह पुस्तक बहुत रोचक है,Hindi
मी मराठी शिकत आहे,Marathi
वातावरणं रमणीयं अस्ति,Sanskrit
कियद्वेला जाता? एषः सुंदरः दिवसः अस्ति,Sanskrit
तुम कैसे हो? यह एक सुंदर दिन है,Hindi
हवामान खूप छान आहे,Marathi
म नेपाली सिक्दैछु,Nepali
म बजार जाँदैछु यो पुस्तक धेरै रोचक छ,Nepali
यह पुस्तक बहुत रोचक है मैं बाजार जा रहा हूँ,Hindi
ही पुस्तक खूप रंजक आहे,Marathi
यो एक सुन्दर दिन हो भारत एक महान देश हो,Nepali
त्वं कथं असि?,Sanskrit
मौसम धेरै राम्रो छ,Nepali
वेळ किती वाजली आहे?,Marathi
मला भूक लागली आहे,Marathi
एषः सुंदरः दिवसः अस्ति,Sanskrit
भारत एक महान देश आहे हा एक सुंदर दिवस आहे,Marathi
मी मराठी शिकत आहे,Marathi
कति बजेको छ?,Nepali
मी मराठी शिकत आहे,Marathi
कृपया मलाई मद्दत गर,Nepali
यो एक सुन्दर दिन हो,Nepali
मी बाजारात जात आहे मी बाजारात जात आहे,Marathi
ही पुस्तक खूप रंजक आहे,Marathi
मम क्षुधा वर्तते,Sanskrit
यह पुस्तक बहुत रोचक है,Hindi
कृपया मेरी मदद करें,Hindi
हवामान खूप छान आहे,Marathi
यो एक सुन्दर दिन हो यो पुस्तक धेरै रोचक छ,Nepali
मैं बाजार जा रहा हूँ,Hindi
एषः सुंदरः दिवसः अस्ति,Sanskrit
मैं हिंदी सीख रहा हूँ,Hindi
मी बाजारात जात आहे,Marathi
अहं संस्कृतं पठामि,Sanskrit
भारत एक महान देश आहे,Marathi
हवामान खूप छान आहे,Marathi
म बजार जाँदैछु,Nepali
भारत एक महान देश है,Hindi
मुझे भूख लगी है,Hindi
कृपया साहाय्यं कुरुत,Sanskrit
अहं विद्यालयं गच्छामि,Sanskrit
कृपया साहाय्यं कुरुत,Sanskrit
कृपया मलाई मद्दत गर तिमीलाई कस्तो छ?,Nepali
एषः सुंदरः दिवसः अस्ति मम क्षुधा वर्तते,Sanskrit
क्या समय हुआ है? भारत एक महान देश है,Hindi
ही पुस्तक खूप रंजक आहे हा एक सुंदर दिवस आहे,Marathi
कृपया माझी मदत करा,Marathi
वेळ किती वाजली आहे?,Marathi
म नेपाली सिक्दैछु,Nepali
यो पुस्तक धेरै रोचक छ,Nepali
मैं हिंदी सीख रहा हूँ मुझे भूख लगी है,Hindi
भारत एक महान देश हो,Nepali
भारत एक महान देश है भारत एक महान देश है,Hindi
एषः सुंदरः दिवसः अस्ति,Sanskrit
तिमीलाई कस्तो छ?,Nepali
कृपया मलाई मद्दत गर,Nepali
कृपया माझी मदत करा,Marathi
मुझे भूख लगी है,Hindi
अहं संस्कृतं पठामि,Sanskrit
मला भूक लागली आहे,Marathi
यह एक सुंदर दिन है मौसम बहुत अच्छा है,Hindi
हवामान खूप छान आहे मी बाजारात जात आहे,Marathi
हवामान खूप छान आहे कृपया माझी मदत करा,Marathi
तिमीलाई कस्तो छ?,Nepali
एषा पुस्तिका रोचकं अस्ति,Sanskrit
हा एक सुंदर दिवस आहे,Marathi
त्वं कथं असि?,Sanskrit
वेळ किती वाजली आहे? कृपया माझी मदत करा,Marathi
कियद्वेला जाता? वातावरणं रमणीयं अस्ति,Sanskrit
यो पुस्तक धेरै रोचक छ,Nepali
मम क्षुधा वर्तते,Sanskrit
तुम कैसे हो?,Hindi
मला भूक लागली आहे हा एक सुंदर दिवस आहे,Marathi
म नेपाली सिक्दैछु,Nepali
मी मराठी शिकत आहे,Marathi
मुझे भूख लगी है,Hindi
म नेपाली सिक्दैछु,Nepali
हा एक सुंदर दिवस आहे,Marathi
क्या समय हुआ है?,Hindi
मम क्षुधा वर्तते,Sanskrit
कति बजेको छ?,Nepali
वातावरणं रमणीयं अस्ति,Sanskrit
हवामान खूप छान आहे,Marathi
मम क्षुधा वर्तते वातावरणं रमणीयं अस्ति,Sanskrit
यह एक सुंदर दिन है,Hindi
अहं विद्यालयं गच्छामि एषा पुस्तिका रोचकं अस्ति,Sanskrit
हवामान खूप छान आहे मी मराठी शिकत आहे,Marathi
मम क्षुधा वर्तते मम क्षुधा वर्तते,Sanskrit
कृपया मलाई मद्दत गर मौसम धेरै राम्रो छ,Nepali
मला भूक लागली आहे,Marathi
ही पुस्तक खूप रंजक आहे,Marathi
तुम कैसे हो?,Hindi
हवामान खूप छान आहे ही पुस्तक खूप रंजक आहे,Marathi
कियद्वेला जाता?,Sanskrit
मैं हिंदी सीख रहा हूँ यह पुस्तक बहुत रोचक है,Hindi
एषा पुस्तिका रोचकं अस्ति एषः सुंदरः दिवसः अस्ति,Sanskrit
मी बाजारात जात आहे,Marathi
मला भूक लागली आहे,Marathi
कृपया माझी मदत करा,Marathi
तिमीलाई कस्तो छ?,Nepali
मम क्षुधा वर्तते अहं संस्कृतं पठामि,Sanskrit
तिमीलाई कस्तो छ?,Nepali
अहं विद्यालयं गच्छामि,Sanskrit
कृपया साहाय्यं कुरुत एषः सुंदरः दिवसः अस्ति,Sanskrit
मी बाजारात जात आहे भारत एक महान देश आहे,Marathi
कृपया मलाई मद्दत गर यो एक सुन्दर दिन हो,Nepali
म नेपाली सिक्दैछु,Nepali
क्या समय हुआ है?,Hindi
वेळ किती वाजली आहे?,Marathi
भारतः महान् देशः अस्ति,Sanskrit
मैं हिंदी सीख रहा हूँ यह पुस्तक बहुत रोचक है,Hindi
म भोक लागेको छु,Nepali
कृपया माझी मदत करा,Marathi
भारत एक महान देश है,Hindi
भारत एक महान देश है,Hindi
कृपया मलाई मद्दत गर,Nepali
ही पुस्तक खूप रंजक आहे,Marathi
मम क्षुधा वर्तते कृपया साहाय्यं कुरुत,Sanskrit
मैं हिंदी सीख रहा हूँ मुझे भूख लगी है,Hindi
क्या समय हुआ है? क्या समय हुआ है?,Hindi
मौसम बहुत अच्छा है,Hindi
हवामान खूप छान आहे,Marathi
भारत एक महान देश आहे मी मराठी शिकत आहे,Marathi
मैं हिंदी सीख रहा हूँ,Hindi
यो एक सुन्दर दिन हो,Nepali
म बजार जाँदैछु,Nepali
भारत एक महान देश है,Hindi
मी बाजारात जात आहे,Marathi
मम क्षुधा वर्तते मम क्षुधा वर्तते,Sanskrit
क्या समय हुआ है? मौसम बहुत अच्छा है,Hindi
मी मराठी शिकत आहे तू कसा आहेस?,Marathi
अहं संस्कृतं पठामि,Sanskrit
मला भूक लागली आहे,Marathi
कृपया मेरी मदद करें,Hindi
एषा पुस्तिका रोचकं अस्ति,Sanskrit
वेळ किती वाजली आहे? हवामान खूप छान आहे,Marathi
क्या समय हुआ है?,Hindi
मला भूक लागली आहे,Marathi
भारत एक महान देश आहे,Marathi
यह एक सुंदर दिन है,Hindi
म भोक लागेको छु,Nepali
ही पुस्तक खूप रंजक आहे भारत एक महान देश आहे,Marathi
मौसम बहुत अच्छा है,Hindi
मम क्षुधा वर्तते,Sanskrit
अहं विद्यालयं गच्छामि,Sanskrit
मैं हिंदी सीख रहा हूँ मौसम बहुत अच्छा है,Hindi
यो पुस्तक धेरै रोचक छ,Nepali
मुझे भूख लगी है मुझे भूख लगी है,Hindi
म नेपाली सिक्दैछु,Nepali
कृपया साहाय्यं कुरुत,Sanskrit
हवामान खूप छान आहे,Marathi
मैं हिंदी सीख रहा हूँ क्या समय हुआ है?,Hindi
हवामान खूप छान आहे,Marathi
कति बजेको छ?,Nepali
मैं हिंदी सीख रहा हूँ तुम कैसे हो?,Hindi
तू कसा आहेस? मी बाजारात जात आहे,Marathi
मम क्षुधा वर्तते,Sanskrit
अहं विद्यालयं गच्छामि,Sanskrit
भारत एक महान देश आहे,Marathi
म भोक लागेको छु,Nepali
म बजार जाँदैछु म बजार जाँदैछु,Nepali
ही पुस्तक खूप रंजक आहे,Marathi
भारत एक महान देश हो कति बजेको छ?,Nepali
वातावरणं रमणीयं अस्ति,Sanskrit
यह पुस्तक बहुत रोचक है,Hindi
अहं विद्यालयं गच्छामि,Sanskrit
त्वं कथं असि?,Sanskrit
मम क्षुधा वर्तते,Sanskrit
एषा पुस्तिका रोचकं अस्ति एषः सुंदरः दिवसः अस्ति,Sanskrit
कृपया माझी मदत करा,Marathi
हवामान खूप छान आहे,Marathi
कियद्वेला जाता?,Sanskrit
अहं संस्कृतं पठामि,Sanskrit
यह एक सुंदर दिन है मुझे भूख लगी है,Hindi
मुझे भूख लगी है,Hindi
मी बाजारात जात आहे भारत एक महान देश आहे,Marathi
तू कसा आहेस?,Marathi
यो पुस्तक धेरै रोचक छ,Nepali
कृपया मेरी मदद करें,Hindi
कियद्वेला जाता?,Sanskrit
अहं विद्यालयं गच्छामि,Sanskrit
तिमीलाई कस्तो छ?,Nepali
त्वं कथं असि?,Sanskrit
ही पुस्तक खूप रंजक आहे,Marathi
भारत एक महान देश है,Hindi
हवामान खूप छान आहे ही पुस्तक खूप रंजक आहे,Marathi
मी मराठी शिकत आहे,Marathi
त्वं कथं असि?,Sanskrit
त्वं कथं असि? वातावरणं रमणीयं अस्ति,Sanskrit
मैं हिंदी सीख रहा हूँ यह पुस्तक बहुत रोचक है,Hindi
कृपया माझी मदत करा मला भूक लागली आहे,Marathi
हवामान खूप छान आहे,Marathi
वेळ किती वाजली आहे?,Marathi
अहं विद्यालयं गच्छामि,Sanskrit
मैं हिंदी सीख रहा हूँ,Hindi
भारत एक महान देश है मुझे भूख लगी है,Hindi
तू कसा आहेस?,Marathi
एषः सुंदरः दिवसः अस्ति,Sanskrit
अहं संस्कृतं पठामि,Sanskrit
कियद्वेला जाता? अहं विद्यालयं गच्छामि,Sanskrit
एषा पुस्तिका रोचकं अस्ति एषः सुंदरः दिवसः अस्ति,Sanskrit
म बजार जाँदैछु यो एक सुन्दर दिन हो,Nepali
भारतः महान् देशः अस्ति अहं विद्यालयं गच्छामि,Sanskrit
ही पुस्तक खूप रंजक आहे,Marathi
म भोक लागेको छु,Nepali
मी बाजारात जात आहे,Marathi
यो एक सुन्दर दिन हो,Nepali
तिमीलाई कस्तो छ?,Nepali
कृपया मलाई मद्दत गर,Nepali
हा एक सुंदर दिवस आहे वेळ किती वाजली आहे?,Marathi
क्या समय हुआ है? मैं बाजार जा रहा हूँ,Hindi
कृपया साहाय्यं कुरुत,Sanskrit
तिमीलाई कस्तो छ?,Nepali
म भोक लागेको छु,Nepali
मम क्षुधा वर्तते,Sanskrit
हवामान खूप छान आहे,Marathi
कति बजेको छ?,Nepali
हवामान खूप छान आहे,Marathi
एषः सुंदरः दिवसः अस्ति अहं विद्यालयं गच्छामि,Sanskrit
मी मराठी शिकत आहे तू कसा आहेस?,Marathi
मुझे भूख लगी है,Hindi
मौसम धेरै राम्रो छ,Nepali
म नेपाली सिक्दैछु,Nepali
म बजार जाँदैछु,Nepali
मैं बाजार जा रहा हूँ,Hindi
वातावरणं रमणीयं अस्ति कृपया साहाय्यं कुरुत,Sanskrit
यो पुस्तक धेरै रोचक छ म भोक लागेको छु,Nepali
भारत एक महान देश है यह पुस्तक बहुत रोचक है,Hindi
ही पुस्तक खूप रंजक आहे,Marathi
यो एक सुन्दर दिन हो म बजार जाँदैछु,Nepali
एषा पुस्तिका रोचकं अस्ति त्वं कथं असि?,Sanskrit
मैं हिंदी सीख रहा हूँ,Hindi
अहं विद्यालयं गच्छामि कियद्वेला जाता?,Sanskrit
तिमीलाई कस्तो छ? म बजार जाँदैछु,Nepali
भारत एक महान देश हो तिमीलाई कस्तो छ?,Nepali
मम क्षुधा वर्तते,Sanskrit
कति बजेको छ?,Nepali
एषः सुंदरः दिवसः अस्ति,Sanskrit
मम क्षुधा वर्तते,Sanskrit
म बजार जाँदैछु,Nepali
कृपया माझी मदत करा,Marathi
भारत एक महान देश हो,Nepali
एषः सुंदरः दिवसः अस्ति कियद्वेला जाता?,Sanskrit
तिमीलाई कस्तो छ?,Nepali
एषा पुस्तिका रोचकं अस्ति,Sanskrit
त्वं कथं असि?,Sanskrit
यो पुस्तक धेरै रोचक छ,Nepali
हवामान खूप छान आहे,Marathi
हा एक सुंदर दिवस आहे,Marathi
तुम कैसे हो?,Hindi
म भोक लागेको छु कति बजेको छ?,Nepali
तुम कैसे हो?,Hindi
भारतः महान् देशः अस्ति वातावरणं रमणीयं अस्ति,Sanskrit
हवामान खूप छान आहे,Marathi
कृपया माझी मदत करा कृपया माझी मदत करा,Marathi
मला भूक लागली आहे,Marathi
यो एक सुन्दर दिन हो तिमीलाई कस्तो छ?,Nepali
मी मराठी शिकत आहे,Marathi
तुम कैसे हो?,Hindi
भारत एक महान देश आहे भारत एक महान देश आहे,Marathi
मैं हिंदी सीख रहा हूँ यह एक सुंदर दिन है,Hindi
म नेपाली सिक्दैछु यो पुस्तक धेरै रोचक छ,Nepali
मुझे भूख लगी है,Hindi
मौसम बहुत अच्छा है,Hindi
भारत एक महान देश आहे,Marathi
यो पुस्तक धेरै रोचक छ म भोक लागेको छु,Nepali
हवामान खूप छान आहे,Marathi
यह एक सुंदर दिन है,Hindi
ही पुस्तक खूप रंजक आहे,Marathi
भारत एक महान देश आहे,Marathi
भारत एक महान देश आहे,Marathi
वेळ किती वाजली आहे? ही पुस्तक खूप रंजक आहे,Marathi
मुझे भूख लगी है,Hindi
वेळ किती वाजली आहे? वेळ किती वाजली आहे?,Marathi
मौसम बहुत अच्छा है कृपया मेरी मदद करें,Hindi
मौसम बहुत अच्छा है,Hindi
एषा पुस्तिका रोचकं अस्ति,Sanskrit
मम क्षुधा वर्तते त्वं कथं असि?,Sanskrit
मला भूक लागली आहे,Marathi
भारत एक महान देश हो,Nepali
यह एक सुंदर दिन है,Hindi
क्या समय हुआ है?,Hindi
वेळ किती वाजली आहे?,Marathi
भारत एक महान देश है,Hindi
मैं हिंदी सीख रहा हूँ,Hindi
म नेपाली सिक्दैछु,Nepali
त्वं कथं असि?,Sanskrit
म नेपाली सिक्दैछु,Nepali
कृपया माझी मदत करा भारत एक महान देश आहे,Marathi
ही पुस्तक खूप रंजक आहे,Marathi
म भोक लागेको छु,Nepali
मुझे भूख लगी है,Hindi
हवामान खूप छान आहे,Marathi
मी बाजारात जात आहे,Marathi
मैं बाजार जा रहा हूँ,Hindi
कृपया साहाय्यं कुरुत,Sanskrit
तुम कैसे हो?,Hindi
हवामान खूप छान आहे मी मराठी शिकत आहे,Marathi
मला भूक लागली आहे,Marathi
मौसम बहुत अच्छा है यह एक सुंदर दिन है,Hindi
अहं संस्कृतं पठामि,Sanskrit
हा एक सुंदर दिवस आहे वेळ किती वाजली आहे?,Marathi
वेळ किती वाजली आहे? मी बाजारात जात आहे,Marathi
मौसम धेरै राम्रो छ म भोक लागेको छु,Nepali
भारतः महान् देशः अस्ति,Sanskrit
भारतः महान् देशः अस्ति अहं विद्यालयं गच्छामि,Sanskrit
मुझे भूख लगी है,Hindi
कृपया मेरी मदद करें,Hindi
हा एक सुंदर दिवस आहे,Marathi
कति बजेको छ?,Nepali
अहं संस्कृतं पठामि,Sanskrit
भारत एक महान देश है,Hindi
वातावरणं रमणीयं अस्ति,Sanskrit
ही पुस्तक खूप रंजक आहे,Marathi
म बजार जाँदैछु,Nepali
मुझे भूख लगी है तुम कैसे हो?,Hindi
कृपया माझी मदत करा मला भूक लागली आहे,Marathi
कति बजेको छ?,Nepali
वातावरणं रमणीयं अस्ति,Sanskrit
मुझे भूख लगी है,Hindi
मौसम बहुत अच्छा है,Hindi
मैं हिंदी सीख रहा हूँ,Hindi
मुझे भूख लगी है,Hindi
म भोक लागेको छु,Nepali
क्या समय हुआ है? भारत एक महान देश है,Hindi
मला भूक लागली आहे,Marathi
मी बाजारात जात आहे,Marathi
त्वं कथं असि?,Sanskrit
भारतः महान् देशः अस्ति,Sanskrit
कृपया मेरी मदद करें क्या समय हुआ है?,Hindi
मी मराठी शिकत आहे,Marathi
अहं संस्कृतं पठामि,Sanskrit
कियद्वेला जाता? कियद्वेला जाता?,Sanskrit
म बजार जाँदैछु,Nepali
मम क्षुधा वर्तते कियद्वेला जाता?,Sanskrit
कियद्वेला जाता?,Sanskrit
तुम कैसे हो?,Hindi
हवामान खूप छान आहे,Marathi
वातावरणं रमणीयं अस्ति,Sanskrit
म बजार जाँदैछु,Nepali
म भोक लागेको छु,Nepali
वेळ किती वाजली आहे?,Marathi
मी मराठी शिकत आहे,Marathi
यह एक सुंदर दिन है,Hindi
वेळ किती वाजली आहे?,Marathi
यह एक सुंदर दिन है कृपया मेरी मदद करें,Hindi
म भोक लागेको छु,Nepali
कति बजेको छ?,Nepali
तुम कैसे हो?,Hindi
कृपया मलाई मद्दत गर,Nepali
भारत एक महान देश हो तिमीलाई कस्तो छ?,Nepali
हा एक सुंदर दिवस आहे,Marathi
यो एक सुन्दर दिन हो,Nepali
तुम कैसे हो?,Hindi
यो पुस्तक धेरै रोचक छ,Nepali
एषा पुस्तिका रोचकं अस्ति,Sanskrit
मम क्षुधा वर्तते,Sanskrit
हा एक सुंदर दिवस आहे,Marathi
कृपया मेरी मदद करें,Hindi
मी बाजारात जात आहे,Marathi
भारतः महान् देशः अस्ति,Sanskrit
क्या समय हुआ है?,Hindi
तू कसा आहेस?,Marathi
अहं विद्यालयं गच्छामि,Sanskrit
भारत एक महान देश है मौसम बहुत अच्छा है,Hindi
म नेपाली सिक्दैछु म नेपाली सिक्दैछु,Nepali
एषा पुस्तिका रोचकं अस्ति,Sanskrit
मौसम बहुत अच्छा है,Hindi
कृपया मलाई मद्दत गर,Nepali
भारत एक महान देश है,Hindi
मी बाजारात जात आहे वेळ किती वाजली आहे?,Marathi
वेळ किती वाजली आहे?,Marathi
भारतः महान् देशः अस्ति कियद्वेला जाता?,Sanskrit
भारत एक महान देश आहे,Marathi
क्या समय हुआ है? क्या समय हुआ है?,Hindi
मी बाजारात जात आहे,Marathi
एषः सुंदरः दिवसः अस्ति,Sanskrit
म बजार जाँदैछु,Nepali
मी मराठी शिकत आहे,Marathi
त्वं कथं असि? त्वं कथं असि?,Sanskrit
हवामान खूप छान आहे,Marathi
भारतः महान् देशः अस्ति,Sanskrit
एषा पुस्तिका रोचकं अस्ति,Sanskrit
यह पुस्तक बहुत रोचक है,Hindi
हवामान खूप छान आहे,Marathi
हा एक सुंदर दिवस आहे,Marathi
तुम कैसे हो?,Hindi
भारतः महान् देशः अस्ति,Sanskrit
तिमीलाई कस्तो छ?,Nepali
भारत एक महान देश है,Hindi
यो पुस्तक धेरै रोचक छ,Nepali
भारत एक महान देश हो,Nepali
तुम कैसे हो? मुझे भूख लगी है,Hindi
मी बाजारात जात आहे,Marathi
एषः सुंदरः दिवसः अस्ति एषा पुस्तिका रोचकं अस्ति,Sanskrit
क्या समय हुआ है?,Hindi
मुझे भूख लगी है क्या समय हुआ है?,Hindi
मुझे भूख लगी है,Hindi
त्वं कथं असि? अहं संस्कृतं पठामि,Sanskrit
हा एक सुंदर दिवस आहे भारत एक महान देश आहे,Marathi
कियद्वेला जाता?,Sanskrit
मैं हिंदी सीख रहा हूँ,Hindi
म बजार जाँदैछु,Nepali
म नेपाली सिक्दैछु,Nepali
यो पुस्तक धेरै रोचक छ,Nepali
म नेपाली सिक्दैछु,Nepali
यो पुस्तक धेरै रोचक छ,Nepali
म नेपाली सिक्दैछु,Nepali
हवामान खूप छान आहे कृपया माझी मदत करा,Marathi
अहं विद्यालयं गच्छामि अहं विद्यालयं गच्छामि,Sanskrit
भारत एक महान देश आहे,Marathi
वेळ किती वाजली आहे?,Marathi
हवामान खूप छान आहे,Marathi
कृपया माझी मदत करा,Marathi
यह एक सुंदर दिन है,Hindi
एषः सुंदरः दिवसः अस्ति वातावरणं रमणीयं अस्ति,Sanskrit
भारत एक महान देश हो,Nepali
म नेपाली सिक्दैछु,Nepali
कृपया माझी मदत करा,Marathi
अहं विद्यालयं गच्छामि एषः सुंदरः दिवसः अस्ति,Sanskrit
हवामान खूप छान आहे,Marathi
मला भूक लागली आहे वेळ किती वाजली आहे?,Marathi
अहं संस्कृतं पठामि,Sanskrit
म नेपाली सिक्दैछु,Nepali
मौसम बहुत अच्छा है,Hindi
त्वं कथं असि?,Sanskrit
मैं हिंदी सीख रहा हूँ,Hindi
म बजार जाँदैछु,Nepali
मौसम धेरै राम्रो छ,Nepali
तुम कैसे हो?,Hindi
मला भूक लागली आहे,Marathi
हा एक सुंदर दिवस आहे,Marathi
अहं संस्कृतं पठामि,Sanskrit
कृपया साहाय्यं कुरुत,Sanskrit
मौसम बहुत अच्छा है मैं बाजार जा रहा हूँ,Hindi
यह पुस्तक बहुत रोचक है,Hindi
वातावरणं रमणीयं अस्ति,Sanskrit
भारत एक महान देश हो भारत एक महान देश हो,Nepali
अहं संस्कृतं पठामि,Sanskrit
वेळ किती वाजली आहे?,Marathi
मी मराठी शिकत आहे,Marathi
मौसम धेरै राम्रो छ यो एक सुन्दर दिन हो,Nepali
वातावरणं रमणीयं अस्ति,Sanskrit
यह एक सुंदर दिन है,Hindi
क्या समय हुआ है?,Hindi
ही पुस्तक खूप रंजक आहे मी मराठी शिकत आहे,Marathi
तिमीलाई कस्तो छ?,Nepali
अहं संस्कृतं पठामि,Sanskrit
यो पुस्तक धेरै रोचक छ,Nepali
भारत एक महान देश हो कति बजेको छ?,Nepali
मौसम बहुत अच्छा है,Hindi
मौसम धेरै राम्रो छ कति बजेको छ?,Nepali
एषा पुस्तिका रोचकं अस्ति,Sanskrit
अहं विद्यालयं गच्छामि,Sanskrit
यो पुस्तक धेरै रोचक छ,Nepali
एषः सुंदरः दिवसः अस्ति,Sanskrit
भारत एक महान देश हो कृपया मलाई मद्दत गर,Nepali
कति बजेको छ? मौसम धेरै राम्रो छ,Nepali
त्वं कथं असि?,Sanskrit
त्वं कथं असि?,Sanskrit
हवामान खूप छान आहे,Marathi
हा एक सुंदर दिवस आहे,Marathi
म भोक लागेको छु तिमीलाई कस्तो छ?,Nepali
एषा पुस्तिका रोचकं अस्ति,Sanskrit
वातावरणं रमणीयं अस्ति भारतः महान् देशः अस्ति,Sanskrit
कति बजेको छ? म भोक लागेको छु,Nepali
हवामान खूप छान आहे तू कसा आहेस?,Marathi
हा एक सुंदर दिवस आहे,Marathi
भारतः महान् देशः अस्ति,Sanskrit
कति बजेको छ?,Nepali
मी बाजारात जात आहे,Marathi
मम क्षुधा वर्तते,Sanskrit
मौसम बहुत अच्छा है,Hindi
म बजार जाँदैछु,Nepali
म बजार जाँदैछु म बजार जाँदैछु,Nepali
ही पुस्तक खूप रंजक आहे,Marathi
कृपया मलाई मद्दत गर,Nepali
भारतः महान् देशः अस्ति कृपया साहाय्यं कुरुत,Sanskrit
यह पुस्तक बहुत रोचक है,Hindi
कृपया मलाई मद्दत गर,Nepali
एषः सुंदरः दिवसः अस्ति,Sanskrit
मी बाजारात जात आहे ही पुस्तक खूप रंजक आहे,Marathi
मी मराठी शिकत आहे,Marathi
कति बजेको छ?,Nepali
यो एक सुन्दर दिन हो,Nepali
यह पुस्तक बहुत रोचक है,Hindi
कति बजेको छ?,Nepali
तू कसा आहेस?,Marathi
हवामान खूप छान आहे तू कसा आहेस?,Marathi
कृपया मलाई मद्दत गर,Nepali
मुझे भूख लगी है,Hindi
कियद्वेला जाता?,Sanskrit
कति बजेको छ?,Nepali
मौसम बहुत अच्छा है,Hindi
अहं संस्कृतं पठामि,Sanskrit
मैं बाजार जा रहा हूँ,Hindi
यह पुस्तक बहुत रोचक है,Hindi
कृपया मलाई मद्दत गर,Nepali
मी मराठी शिकत आहे,Marathi
मैं हिंदी सीख रहा हूँ मौसम बहुत अच्छा है,Hindi
भारत एक महान देश आहे,Marathi
एषा पुस्तिका रोचकं अस्ति भारतः महान् देशः अस्ति,Sanskrit
तिमीलाई कस्तो छ?,Nepali
कियद्वेला जाता? भारतः महान् देशः अस्ति,Sanskrit
क्या समय हुआ है? मैं हिंदी सीख रहा हूँ,Hindi
मी मराठी शिकत आहे,Marathi
मी मराठी शिकत आहे,Marathi
कृपया माझी मदत करा,Marathi
यह पुस्तक बहुत रोचक है,Hindi
वेळ किती वाजली आहे?,Marathi
यो पुस्तक धेरै रोचक छ यो पुस्तक धेरै रोचक छ,Nepali
कृपया मलाई मद्दत गर मौसम धेरै राम्रो छ,Nepali
अहं विद्यालयं गच्छामि कृपया साहाय्यं कुरुत,Sanskrit
क्या समय हुआ है?,Hindi
वेळ किती वाजली आहे?,Marathi
मौसम बहुत अच्छा है यह पुस्तक बहुत रोचक है,Hindi
मी मराठी शिकत आहे,Marathi
हवामान खूप छान आहे,Marathi
यह एक सुंदर दिन है,Hindi
तुम कैसे हो? यह एक सुंदर दिन है,Hindi
भारत एक महान देश हो,Nepali
कृपया मेरी मदद करें मुझे भूख लगी है,Hindi
भारतः महान् देशः अस्ति कृपया साहाय्यं कुरुत,Sanskrit
म बजार जाँदैछु,Nepali
यो पुस्तक धेरै रोचक छ,Nepali
यो पुस्तक धेरै रोचक छ,Nepali
म भोक लागेको छु यो एक सुन्दर दिन हो,Nepali
मैं बाजार जा रहा हूँ कृपया मेरी मदद करें,Hindi
अहं संस्कृतं पठामि,Sanskrit
मौसम धेरै राम्रो छ यो एक सुन्दर दिन हो,Nepali
मम क्षुधा वर्तते एषः सुंदरः दिवसः अस्ति,Sanskrit
मौसम धेरै राम्रो छ कति बजेको छ?,Nepali
मी मराठी शिकत आहे,Marathi
मम क्षुधा वर्तते मम क्षुधा वर्तते,Sanskrit
ही पुस्तक खूप रंजक आहे,Marathi
मुझे भूख लगी है,Hindi
कृपया साहाय्यं कुरुत वातावरणं रमणीयं अस्ति,Sanskrit
कृपया मेरी मदद करें भारत एक महान देश है,Hindi
मी मराठी शिकत आहे,Marathi
वातावरणं रमणीयं अस्ति,Sanskrit
क्या समय हुआ है?,Hindi
मौसम बहुत अच्छा है,Hindi
तुम कैसे हो?,Hindi
म भोक लागेको छु म नेपाली सिक्दैछु,Nepali
त्वं कथं असि?,Sanskrit
अहं विद्यालयं गच्छामि भारतः महान् देशः अस्ति,Sanskrit
यो एक सुन्दर दिन हो म भोक लागेको छु,Nepali
मैं बाजार जा रहा हूँ मैं हिंदी सीख रहा हूँ,Hindi
त्वं कथं असि?,Sanskrit
म भोक लागेको छु,Nepali
मम क्षुधा वर्तते एषा पुस्तिका रोचकं अस्ति,Sanskrit
भारतः महान् देशः अस्ति अहं विद्यालयं गच्छामि,Sanskrit
कृपया मलाई मद्दत गर भारत एक महान देश हो,Nepali
भारत एक महान देश है तुम कैसे हो?,Hindi
भारत एक महान देश हो,Nepali
कृपया मलाई मद्दत गर,Nepali
मुझे भूख लगी है यह एक सुंदर दिन है,Hindi
यह पुस्तक बहुत रोचक है मैं हिंदी सीख रहा हूँ,Hindi
एषः सुंदरः दिवसः अस्ति वातावरणं रमणीयं अस्ति,Sanskrit
यह एक सुंदर दिन है यह एक सुंदर दिन है,Hindi
मी बाजारात जात आहे,Marathi
कति बजेको छ?,Nepali
भारत एक महान देश है कृपया मेरी मदद करें,Hindi
कृपया माझी मदत करा कृपया माझी मदत करा,Marathi
क्या समय हुआ है?,Hindi
भारत एक महान देश है तुम कैसे हो?,Hindi
मी बाजारात जात आहे,Marathi
मुझे भूख लगी है,Hindi
हवामान खूप छान आहे मला भूक लागली आहे,Marathi
वातावरणं रमणीयं अस्ति,Sanskrit
त्वं कथं असि? मम क्षुधा वर्तते,Sanskrit
वेळ किती वाजली आहे? हवामान खूप छान आहे,Marathi
तू कसा आहेस? तू कसा आहेस?,Marathi
मुझे भूख लगी है,Hindi
म नेपाली सिक्दैछु,Nepali
मम क्षुधा वर्तते,Sanskrit
मैं बाजार जा रहा हूँ,Hindi
भारतः महान् देशः अस्ति,Sanskrit
क्या समय हुआ है? कृपया मेरी मदद करें,Hindi
मौसम बहुत अच्छा है,Hindi
यो एक सुन्दर दिन हो,Nepali
मौसम धेरै राम्रो छ,Nepali
यह एक सुंदर दिन है,Hindi
कृपया मलाई मद्दत गर,Nepali
तिमीलाई कस्तो छ?,Nepali
कृपया माझी मदत करा,Marathi
मी मराठी शिकत आहे,Marathi
वेळ किती वाजली आहे?,Marathi
मौसम बहुत अच्छा है,Hindi
भारत एक महान देश आहे मला भूक लागली आहे,Marathi
अहं विद्यालयं गच्छामि,Sanskrit
तिमीलाई कस्तो छ?,Nepali
म नेपाली सिक्दैछु भारत एक महान देश हो,Nepali
त्वं कथं असि? त्वं कथं असि?,Sanskrit
कृपया साहाय्यं कुरुत,Sanskrit
म बजार जाँदैछु,Nepali
मैं हिंदी सीख रहा हूँ,Hindi
मी बाजारात जात आहे,Marathi
कृपया माझी मदत करा,Marathi
यह पुस्तक बहुत रोचक है,Hindi
भारत एक महान देश हो,Nepali
अहं विद्यालयं गच्छामि,Sanskrit
मी बाजारात जात आहे,Marathi
तू कसा आहेस?,Marathi
हवामान खूप छान आहे,Marathi
कृपया मलाई मद्दत गर,Nepali
हवामान खूप छान आहे तू कसा आहेस?,Marathi
क्या समय हुआ है?,Hindi
तिमीलाई कस्तो छ?,Nepali
मुझे भूख लगी है,Hindi
कृपया मलाई मद्दत गर कृपया मलाई मद्दत गर,Nepali
अहं संस्कृतं पठामि,Sanskrit
भारतः महान् देशः अस्ति अहं विद्यालयं गच्छामि,Sanskrit
हवामान खूप छान आहे,Marathi
म नेपाली सिक्दैछु,Nepali
म नेपाली सिक्दैछु कति बजेको छ?,Nepali
म भोक लागेको छु,Nepali
यो पुस्तक धेरै रोचक छ,Nepali
क्या समय हुआ है?,Hindi
त्वं कथं असि?,Sanskrit
कृपया मलाई मद्दत गर,Nepali
भारत एक महान देश हो,Nepali
कृपया मलाई मद्दत गर,Nepali
मी मराठी शिकत आहे,Marathi
कति बजेको छ?,Nepali
मुझे भूख लगी है,Hindi
भारत एक महान देश हो म भोक लागेको छु,Nepali
वातावरणं रमणीयं अस्ति,Sanskrit
कृपया साहाय्यं कुरुत,Sanskrit
यह एक सुंदर दिन है तुम कैसे हो?,Hindi
ही पुस्तक खूप रंजक आहे,Marathi
तुम कैसे हो?,Hindi
मैं बाजार जा रहा हूँ,Hindi
म नेपाली सिक्दैछु,Nepali
कृपया साहाय्यं कुरुत,Sanskrit
तिमीलाई कस्तो छ?,Nepali
भारत एक महान देश आहे,Marathi
एषा पुस्तिका रोचकं अस्ति,Sanskrit
तुम कैसे हो? मैं हिंदी सीख रहा हूँ,Hindi
ही पुस्तक खूप रंजक आहे भारत एक महान देश आहे,Marathi
हवामान खूप छान आहे,Marathi
त्वं कथं असि?,Sanskrit
कृपया माझी मदत करा तू कसा आहेस?,Marathi
एषः सुंदरः दिवसः अस्ति,Sanskrit
त्वं कथं असि?,Sanskrit
ही पुस्तक खूप रंजक आहे,Marathi
एषः सुंदरः दिवसः अस्ति त्वं कथं असि?,Sanskrit
भारत एक महान देश है,Hindi
मौसम धेरै राम्रो छ यो पुस्तक धेरै रोचक छ,Nepali
तू कसा आहेस?,Marathi
मम क्षुधा वर्तते,Sanskrit
क्या समय हुआ है?,Hindi
भारत एक महान देश हो म भोक लागेको छु,Nepali
मी बाजारात जात आहे,Marathi
एषः सुंदरः दिवसः अस्ति मम क्षुधा वर्तते,Sanskrit
वातावरणं रमणीयं अस्ति,Sanskrit
वातावरणं रमणीयं अस्ति,Sanskrit
कति बजेको छ?,Nepali
कियद्वेला जाता?,Sanskrit
वेळ किती वाजली आहे?,Marathi
अहं विद्यालयं गच्छामि एषः सुंदरः दिवसः अस्ति,Sanskrit
अहं संस्कृतं पठामि,Sanskrit
म बजार जाँदैछु,Nepali
मम क्षुधा वर्तते,Sanskrit
एषा पुस्तिका रोचकं अस्ति,Sanskrit
भारतः महान् देशः अस्ति त्वं कथं असि?,Sanskrit
क्या समय हुआ है?,Hindi
म बजार जाँदैछु,Nepali
यह पुस्तक बहुत रोचक है मैं बाजार जा रहा हूँ,Hindi
त्वं कथं असि? अहं संस्कृतं पठामि,Sanskrit
यह एक सुंदर दिन है कृपया मेरी मदद करें,Hindi
कृपया मेरी मदद करें,Hindi
त्वं कथं असि?,Sanskrit
कृपया मेरी मदद करें,Hindi
भारत एक महान देश आहे,Marathi
कृपया मलाई मद्दत गर,Nepali
तिमीलाई कस्तो छ? कति बजेको छ?,Nepali
कियद्वेला जाता?,Sanskrit
म बजार जाँदैछु,Nepali
भारत एक महान देश हो,Nepali
तू कसा आहेस? मी मराठी शिकत आहे,Marathi
यो एक सुन्दर दिन हो तिमीलाई कस्तो छ?,Nepali
कृपया माझी मदत करा हवामान खूप छान आहे,Marathi
म बजार जाँदैछु,Nepali
तू कसा आहेस?,Marathi
मुझे भूख लगी है,Hindi
हा एक सुंदर दिवस आहे,Marathi
तू कसा आहेस? हा एक सुंदर दिवस आहे,Marathi
तिमीलाई कस्तो छ?,Nepali
वेळ किती वाजली आहे?,Marathi
एषः सुंदरः दिवसः अस्ति अहं विद्यालयं गच्छामि,Sanskrit
तिमीलाई कस्तो छ? यो पुस्तक धेरै रोचक छ,Nepali
कृपया मलाई मद्दत गर म नेपाली सिक्दैछु,Nepali
कृपया मलाई मद्दत गर,Nepali
कियद्वेला जाता? भारतः महान् देशः अस्ति,Sanskrit
यह एक सुंदर दिन है,Hindi
यो एक सुन्दर दिन हो,Nepali
त्वं कथं असि?,Sanskrit
यो पुस्तक धेरै रोचक छ,Nepali
भारत एक महान देश हो,Nepali
म नेपाली सिक्दैछु,Nepali
यह एक सुंदर दिन है,Hindi
त्वं कथं असि?,Sanskrit
कियद्वेला जाता?,Sanskrit
तुम कैसे हो?,Hindi
यो पुस्तक धेरै रोचक छ,Nepali
मला भूक लागली आहे वेळ किती वाजली आहे?,Marathi
मम क्षुधा वर्तते,Sanskrit
भारत एक महान देश हो कृपया मलाई मद्दत गर,Nepali
मम क्षुधा वर्तते मम क्षुधा वर्तते,Sanskrit
भारत एक महान देश आहे वेळ किती वाजली आहे?,Marathi
कृपया माझी मदत करा,Marathi
ही पुस्तक खूप रंजक आहे,Marathi
भारत एक महान देश हो,Nepali
एषा पुस्तिका रोचकं अस्ति,Sanskrit
हवामान खूप छान आहे कृपया माझी मदत करा,Marathi
भारत एक महान देश है,Hindi
हा एक सुंदर दिवस आहे हवामान खूप छान आहे,Marathi
मम क्षुधा वर्तते,Sanskrit
मौसम बहुत अच्छा है भारत एक महान देश है,Hindi
मौसम धेरै राम्रो छ,Nepali
एषा पुस्तिका रोचकं अस्ति,Sanskrit
एषः सुंदरः दिवसः अस्ति,Sanskrit
मला भूक लागली आहे,Marathi
कृपया मलाई मद्दत गर,Nepali
भारतः महान् देशः अस्ति,Sanskrit
यह एक सुंदर दिन है,Hindi
कृपया साहाय्यं कुरुत,Sanskrit
कृपया मलाई मद्दत गर,Nepali
तुम कैसे हो?,Hindi
ही पुस्तक खूप रंजक आहे,Marathi
एषः सुंदरः दिवसः अस्ति,Sanskrit
कति बजेको छ? मौसम धेरै राम्रो छ,Nepali
कृपया मलाई मद्दत गर,Nepali
अहं संस्कृतं पठामि कृपया साहाय्यं कुरुत,Sanskrit
तुम कैसे हो?,Hindi
क्या समय हुआ है?,Hindi
वेळ किती वाजली आहे? मी बाजारात जात आहे,Marathi
कृपया माझी मदत करा तू कसा आहेस?,Marathi
तुम कैसे हो? यह पुस्तक बहुत रोचक है,Hindi
कृपया मलाई मद्दत गर,Nepali
भारत एक महान देश आहे,Marathi
भारत एक महान देश है क्या समय हुआ है?,Hindi
एषा पुस्तिका रोचकं अस्ति,Sanskrit
त्वं कथं असि? एषः सुंदरः दिवसः अस्ति,Sanskrit
कृपया साहाय्यं कुरुत एषः सुंदरः दिवसः अस्ति,Sanskrit
त्वं कथं असि? कृपया साहाय्यं कुरुत,Sanskrit
यह एक सुंदर दिन है यह पुस्तक बहुत रोचक है,Hindi
यो पुस्तक धेरै रोचक छ,Nepali
कृपया साहाय्यं कुरुत भारतः महान् देशः अस्ति,Sanskrit
यो एक सुन्दर दिन हो,Nepali
मैं बाजार जा रहा हूँ,Hindi
मुझे भूख लगी है भारत एक महान देश है,Hindi
मी बाजारात जात आहे,Marathi
त्वं कथं असि?,Sanskrit
मी बाजारात जात आहे,Marathi
मी मराठी शिकत आहे वेळ किती वाजली आहे?,Marathi
यह एक सुंदर दिन है,Hindi
तुम कैसे हो?,Hindi
हा एक सुंदर दिवस आहे,Marathi
हा एक सुंदर दिवस आहे हवामान खूप छान आहे,Marathi
मैं हिंदी सीख रहा हूँ कृपया मेरी मदद करें,Hindi
वातावरणं रमणीयं अस्ति वातावरणं रमणीयं अस्ति,Sanskrit
कति बजेको छ?,Nepali
मुझे भूख लगी है,Hindi
कृपया साहाय्यं कुरुत,Sanskrit
त्वं कथं असि? अहं विद्यालयं गच्छामि,Sanskrit
कृपया माझी मदत करा तू कसा आहेस?,Marathi
भारत एक महान देश आहे,Marathi
ही पुस्तक खूप रंजक आहे,Marathi
कृपया साहाय्यं कुरुत कियद्वेला जाता?,Sanskrit
क्या समय हुआ है? मुझे भूख लगी है,Hindi
अहं विद्यालयं गच्छामि,Sanskrit
अहं संस्कृतं पठामि अहं संस्कृतं पठामि,Sanskrit
भारत एक महान देश हो,Nepali
अहं विद्यालयं गच्छामि,Sanskrit
यह एक सुंदर दिन है,Hindi
एषा पुस्तिका रोचकं अस्ति एषः सुंदरः दिवसः अस्ति,Sanskrit
यह एक सुंदर दिन है,Hindi
यो एक सुन्दर दिन हो मौसम धेरै राम्रो छ,Nepali
यो एक सुन्दर दिन हो,Nepali
मौसम बहुत अच्छा है,Hindi
त्वं कथं असि?,Sanskrit
मी बाजारात जात आहे मी मराठी शिकत आहे,Marathi
त्वं कथं असि? एषा पुस्तिका रोचकं अस्ति,Sanskrit
मी मराठी शिकत आहे,Marathi
तुम कैसे हो? मैं बाजार जा रहा हूँ,Hindi
कृपया माझी मदत करा,Marathi
मला भूक लागली आहे हवामान खूप छान आहे,Marathi
त्वं कथं असि?,Sanskrit
तू कसा आहेस? ही पुस्तक खूप रंजक आहे,Marathi
ही पुस्तक खूप रंजक आहे,Marathi
कृपया मेरी मदद करें,Hindi
भारत एक महान देश है,Hindi
कृपया मेरी मदद करें,Hindi
यो पुस्तक धेरै रोचक छ,Nepali
हा एक सुंदर दिवस आहे,Marathi
हवामान खूप छान आहे,Marathi
कियद्वेला जाता?,Sanskrit
यो पुस्तक धेरै रोचक छ,Nepali
तुम कैसे हो?,Hindi
तिमीलाई कस्तो छ?,Nepali
कृपया मेरी मदद करें,Hindi
क्या समय हुआ है?,Hindi
भारत एक महान देश है,Hindi
तुम कैसे हो? मैं बाजार जा रहा हूँ,Hindi
भारतः महान् देशः अस्ति,Sanskrit
मैं बाजार जा रहा हूँ भारत एक महान देश है,Hindi
यह पुस्तक बहुत रोचक है,Hindi
मम क्षुधा वर्तते,Sanskrit
भारतः महान् देशः अस्ति,Sanskrit
कृपया साहाय्यं कुरुत एषा पुस्तिका रोचकं अस्ति,Sanskrit
वेळ किती वाजली आहे?,Marathi
मैं बाजार जा रहा हूँ,Hindi
कृपया मलाई मद्दत गर,Nepali
वेळ किती वाजली आहे?,Marathi
मौसम बहुत अच्छा है,Hindi
तू कसा आहेस?,Marathi
मैं बाजार जा रहा हूँ मुझे भूख लगी है,Hindi
मौसम बहुत अच्छा है,Hindi
कृपया मेरी मदद करें,Hindi
एषः सुंदरः दिवसः अस्ति,Sanskrit
कृपया साहाय्यं कुरुत,Sanskrit
मला भूक लागली आहे,Marathi
यह एक सुंदर दिन है,Hindi
कृपया मलाई मद्दत गर यो पुस्तक धेरै रोचक छ,Nepali
मौसम धेरै राम्रो छ,Nepali
यो एक सुन्दर दिन हो,Nepali
मी मराठी शिकत आहे,Marathi
यह एक सुंदर दिन है,Hindi
वेळ किती वाजली आहे?,Marathi
भारत एक महान देश हो,Nepali
तू कसा आहेस?,Marathi
त्वं कथं असि? वातावरणं रमणीयं अस्ति,Sanskrit
मुझे भूख लगी है,Hindi
भारत एक महान देश आहे कृपया माझी मदत करा,Marathi
तिमीलाई कस्तो छ? म बजार जाँदैछु,Nepali
यो एक सुन्दर दिन हो,Nepali
मैं हिंदी सीख रहा हूँ,Hindi
हा एक सुंदर दिवस आहे,Marathi
कति बजेको छ?,Nepali
त्वं कथं असि?,Sanskrit
वातावरणं रमणीयं अस्ति,Sanskrit
मी मराठी शिकत आहे,Marathi
ही पुस्तक खूप रंजक आहे,Marathi
भारत एक महान देश आहे,Marathi
तिमीलाई कस्तो छ?,Nepali
क्या समय हुआ है? तुम कैसे हो?,Hindi
यो पुस्तक धेरै रोचक छ,Nepali
भारतः महान् देशः अस्ति,Sanskrit
तिमीलाई कस्तो छ?,Nepali
मम क्षुधा वर्तते वातावरणं रमणीयं अस्ति,Sanskrit
भारत एक महान देश है भारत एक महान देश है,Hindi
एषः सुंदरः दिवसः अस्ति एषः सुंदरः दिवसः अस्ति,Sanskrit
क्या समय हुआ है? यह पुस्तक बहुत रोचक है,Hindi
मुझे भूख लगी है,Hindi
तू कसा आहेस?,Marathi
वेळ किती वाजली आहे? हवामान खूप छान आहे,Marathi
तुम कैसे हो?,Hindi
मैं बाजार जा रहा हूँ,Hindi
तिमीलाई कस्तो छ?,Nepali
एषः सुंदरः दिवसः अस्ति वातावरणं रमणीयं अस्ति,Sanskrit
अहं संस्कृतं पठामि वातावरणं रमणीयं अस्ति,Sanskrit
म बजार जाँदैछु यो पुस्तक धेरै रोचक छ,Nepali
एषः सुंदरः दिवसः अस्ति,Sanskrit
भारतः महान् देशः अस्ति,Sanskrit
मौसम धेरै राम्रो छ,Nepali
कृपया माझी मदत करा,Marathi
म बजार जाँदैछु,Nepali
वातावरणं रमणीयं अस्ति त्वं कथं असि?,Sanskrit
म बजार जाँदैछु म बजार जाँदैछु,Nepali
यह पुस्तक बहुत रोचक है,Hindi
यो एक सुन्दर दिन हो,Nepali
मौसम बहुत अच्छा है,Hindi
म नेपाली सिक्दैछु,Nepali
यो एक सुन्दर दिन हो,Nepali
यह पुस्तक बहुत रोचक है,Hindi
वेळ किती वाजली आहे?,Marathi
म नेपाली सिक्दैछु म बजार जाँदैछु,Nepali
यो एक सुन्दर दिन हो मौसम धेरै राम्रो छ,Nepali
मी मराठी शिकत आहे मी मराठी शिकत आहे,Marathi
भारत एक महान देश है,Hindi
अहं संस्कृतं पठामि,Sanskrit
अहं विद्यालयं गच्छामि भारतः महान् देशः अस्ति,Sanskrit
मी बाजारात जात आहे मी बाजारात जात आहे,Marathi
यह पुस्तक बहुत रोचक है,Hindi
एषः सुंदरः दिवसः अस्ति,Sanskrit
मम क्षुधा वर्तते,Sanskrit
कृपया मेरी मदद करें,Hindi
मौसम धेरै राम्रो छ,Nepali
मौसम बहुत अच्छा है,Hindi
भारत एक महान देश हो,Nepali
मौसम धेरै राम्रो छ,Nepali
कति बजेको छ?,Nepali
वातावरणं रमणीयं अस्ति,Sanskrit
क्या समय हुआ है?,Hindi
म बजार जाँदैछु,Nepali
मी बाजारात जात आहे,Marathi
तिमीलाई कस्तो छ?,Nepali
मौसम धेरै राम्रो छ यो पुस्तक धेरै रोचक छ,Nepali
भारत एक महान देश हो भारत एक महान देश हो,Nepali
हा एक सुंदर दिवस आहे,Marathi
त्वं कथं असि?,Sanskrit
मला भूक लागली आहे,Marathi
यो पुस्तक धेरै रोचक छ,Nepali
मी बाजारात जात आहे मी बाजारात जात आहे,Marathi
एषा पुस्तिका रोचकं अस्ति,Sanskrit
भारत एक महान देश है,Hindi
एषः सुंदरः दिवसः अस्ति,Sanskrit
हवामान खूप छान आहे,Marathi
अहं संस्कृतं पठामि,Sanskrit
यो एक सुन्दर दिन हो,Nepali
क्या समय हुआ है?,Hindi
वातावरणं रमणीयं अस्ति,Sanskrit
क्या समय हुआ है?,Hindi
ही पुस्तक खूप रंजक आहे,Marathi
यो पुस्तक धेरै रोचक छ,Nepali
मला भूक लागली आहे कृपया माझी मदत करा,Marathi
कृपया माझी मदत करा वेळ किती वाजली आहे?,Marathi
मौसम धेरै राम्रो छ,Nepali
ही पुस्तक खूप रंजक आहे मी बाजारात जात आहे,Marathi
कृपया मेरी मदद करें,Hindi
अहं विद्यालयं गच्छामि,Sanskrit
मैं हिंदी सीख रहा हूँ कृपया मेरी मदद करें,Hindi
यह एक सुंदर दिन है भारत एक महान देश है,Hindi
भारतः महान् देशः अस्ति,Sanskrit
कति बजेको छ?,Nepali
मुझे भूख लगी है,Hindi
एषः सुंदरः दिवसः अस्ति,Sanskrit
कृपया मलाई मद्दत गर कति बजेको छ?,Nepali
यो पुस्तक धेरै रोचक छ,Nepali
यो पुस्तक धेरै रोचक छ,Nepali
अहं संस्कृतं पठामि,Sanskrit
वेळ किती वाजली आहे?,Marathi
कृपया माझी मदत करा,Marathi
हवामान खूप छान आहे मी बाजारात जात आहे,Marathi
ही पुस्तक खूप रंजक आहे,Marathi
म बजार जाँदैछु,Nepali
वातावरणं रमणीयं अस्ति,Sanskrit
मी बाजारात जात आहे,Marathi
अहं संस्कृतं पठामि,Sanskrit
कृपया साहाय्यं कुरुत वातावरणं रमणीयं अस्ति,Sanskrit
भारत एक महान देश आहे,Marathi
कति बजेको छ?,Nepali
मम क्षुधा वर्तते,Sanskrit
कृपया माझी मदत करा,Marathi
कृपया मेरी मदद करें,Hindi
एषः सुंदरः दिवसः अस्ति,Sanskrit
म भोक लागेको छु कति बजेको छ?,Nepali
भारत एक महान देश है,Hindi
मौसम धेरै राम्रो छ,Nepali
मौसम धेरै राम्रो छ,Nepali
मुझे भूख लगी है तुम कैसे हो?,Hindi
कति बजेको छ? मौसम धेरै राम्रो छ,Nepali
मी बाजारात जात आहे,Marathi
मैं हिंदी सीख रहा हूँ मैं हिंदी सीख रहा हूँ,Hindi
यह पुस्तक बहुत रोचक है,Hindi
यो एक सुन्दर दिन हो,Nepali
म भोक लागेको छु,Nepali
मौसम धेरै राम्रो छ,Nepali
भारत एक महान देश आहे,Marathi
भारतः महान् देशः अस्ति,Sanskrit
एषः सुंदरः दिवसः अस्ति अहं विद्यालयं गच्छामि,Sanskrit
मौसम बहुत अच्छा है,Hindi
कृपया साहाय्यं कुरुत,Sanskrit
यो पुस्तक धेरै रोचक छ,Nepali
भारतः महान् देशः अस्ति एषः सुंदरः दिवसः अस्ति,Sanskrit
यो एक सुन्दर दिन हो,Nepali
कृपया साहाय्यं कुरुत,Sanskrit
क्या समय हुआ है?,Hindi
म भोक लागेको छु मौसम धेरै राम्रो छ,Nepali
यह पुस्तक बहुत रोचक है तुम कैसे हो?,Hindi
म बजार जाँदैछु,Nepali
वातावरणं रमणीयं अस्ति अहं संस्कृतं पठामि,Sanskrit
अहं विद्यालयं गच्छामि कियद्वेला जाता?,Sanskrit
कृपया माझी मदत करा,Marathi
यो एक सुन्दर दिन हो,Nepali
मैं बाजार जा रहा हूँ,Hindi
क्या समय हुआ है?,Hindi
एषः सुंदरः दिवसः अस्ति,Sanskrit
अहं संस्कृतं पठामि,Sanskrit
म भोक लागेको छु,Nepali
तुम कैसे हो?,Hindi
मैं हिंदी सीख रहा हूँ,Hindi
कृपया साहाय्यं कुरुत,Sanskrit
मैं बाजार जा रहा हूँ,Hindi
भारत एक महान देश हो,Nepali
यो एक सुन्दर दिन हो तिमीलाई कस्तो छ?,Nepali
तू कसा आहेस? मला भूक लागली आहे,Marathi
मुझे भूख लगी है,Hindi
यह एक सुंदर दिन है,Hindi
म बजार जाँदैछु यो पुस्तक धेरै रोचक छ,Nepali
यो पुस्तक धेरै रोचक छ म नेपाली सिक्दैछु,Nepali
म भोक लागेको छु म भोक लागेको छु,Nepali
भारत एक महान देश हो म नेपाली सिक्दैछु,Nepali
मौसम बहुत अच्छा है मौसम बहुत अच्छा है,Hindi
भारत एक महान देश है क्या समय हुआ है?,Hindi
अहं संस्कृतं पठामि अहं विद्यालयं गच्छामि,Sanskrit
कति बजेको छ?,Nepali
मौसम बहुत अच्छा है,Hindi
म बजार जाँदैछु,Nepali
मम क्षुधा वर्तते,Sanskrit
मी बाजारात जात आहे भारत एक महान देश आहे,Marathi
भारत एक महान देश हो मौसम धेरै राम्रो छ,Nepali
एषा पुस्तिका रोचकं अस्ति,Sanskrit
मुझे भूख लगी है,Hindi
तू कसा आहेस? हा एक सुंदर दिवस आहे,Marathi
कृपया माझी मदत करा,Marathi
क्या समय हुआ है?,Hindi
मला भूक लागली आहे,Marathi
मौसम बहुत अच्छा है मैं बाजार जा रहा हूँ,Hindi
भारत एक महान देश हो म बजार जाँदैछु,Nepali
म भोक लागेको छु यो एक सुन्दर दिन हो,Nepali
हवामान खूप छान आहे तू कसा आहेस?,Marathi
यह एक सुंदर दिन है तुम कैसे हो?,Hindi
एषः सुंदरः दिवसः अस्ति भारतः महान् देशः अस्ति,Sanskrit
म बजार जाँदैछु म भोक लागेको छु,Nepali
तुम कैसे हो?,Hindi
यह एक सुंदर दिन है यह एक सुंदर दिन है,Hindi
मम क्षुधा वर्तते एषः सुंदरः दिवसः अस्ति,Sanskrit
म नेपाली सिक्दैछु,Nepali
भारत एक महान देश है,Hindi
म भोक लागेको छु मौसम धेरै राम्रो छ,Nepali
यह पुस्तक बहुत रोचक है,Hindi
क्या समय हुआ है?,Hindi
हा एक सुंदर दिवस आहे तू कसा आहेस?,Marathi
वेळ किती वाजली आहे?,Marathi
वातावरणं रमणीयं अस्ति,Sanskrit
भारत एक महान देश है,Hindi
यह एक सुंदर दिन है मुझे भूख लगी है,Hindi
मैं बाजार जा रहा हूँ,Hindi
भारत एक महान देश है,Hindi
यो पुस्तक धेरै रोचक छ,Nepali
यो एक सुन्दर दिन हो,Nepali
मी बाजारात जात आहे ही पुस्तक खूप रंजक आहे,Marathi
क्या समय हुआ है?,Hindi
हा एक सुंदर दिवस आहे,Marathi
यो पुस्तक धेरै रोचक छ,Nepali
भारतः महान् देशः अस्ति,Sanskrit
भारत एक महान देश आहे भारत एक महान देश आहे,Marathi
यह एक सुंदर दिन है,Hindi
मौसम बहुत अच्छा है,Hindi
हा एक सुंदर दिवस आहे भारत एक महान देश आहे,Marathi
कृपया मेरी मदद करें,Hindi
म भोक लागेको छु,Nepali
क्या समय हुआ है?,Hindi
हा एक सुंदर दिवस आहे मला भूक लागली आहे,Marathi
भारत एक महान देश है,Hindi
हा एक सुंदर दिवस आहे,Marathi
मुझे भूख लगी है,Hindi
मैं बाजार जा रहा हूँ,Hindi
वातावरणं रमणीयं अस्ति भारतः महान् देशः अस्ति,Sanskrit
म बजार जाँदैछु मौसम धेरै राम्रो छ,Nepali
हवामान खूप छान आहे,Marathi
म बजार जाँदैछु म भोक लागेको छु,Nepali
भारत एक महान देश है,Hindi
कृपया मलाई मद्दत गर मौसम धेरै राम्रो छ,Nepali
मौसम धेरै राम्रो छ यो पुस्तक धेरै रोचक छ,Nepali
त्वं कथं असि? मम क्षुधा वर्तते,Sanskrit
यो पुस्तक धेरै रोचक छ,Nepali
एषः सुंदरः दिवसः अस्ति मम क्षुधा वर्तते,Sanskrit
त्वं कथं असि? वातावरणं रमणीयं अस्ति,Sanskrit
भारत एक महान देश आहे कृपया माझी मदत करा,Marathi
मौसम धेरै राम्रो छ,Nepali
मैं हिंदी सीख रहा हूँ,Hindi
यो एक सुन्दर दिन हो मौसम धेरै राम्रो छ,Nepali
यो एक सुन्दर दिन हो,Nepali
हवामान खूप छान आहे,Marathi
मैं हिंदी सीख रहा हूँ,Hindi
मौसम धेरै राम्रो छ म बजार जाँदैछु,Nepali
म नेपाली सिक्दैछु,Nepali
भारत एक महान देश आहे,Marathi
वातावरणं रमणीयं अस्ति,Sanskrit
म भोक लागेको छु तिमीलाई कस्तो छ?,Nepali
कति बजेको छ?,Nepali
तू कसा आहेस?,Marathi
मौसम धेरै राम्रो छ,Nepali
त्वं कथं असि? त्वं कथं असि?,Sanskrit
तिमीलाई कस्तो छ? म भोक लागेको छु,Nepali
मम क्षुधा वर्तते,Sanskrit
मुझे भूख लगी है यह एक सुंदर दिन है,Hindi
भारत एक महान देश हो,Nepali
कियद्वेला जाता? कृपया साहाय्यं कुरुत,Sanskrit
तू कसा आहेस? मी मराठी शिकत आहे,Marathi
तू कसा आहेस?,Marathi
भारत एक महान देश आहे हा एक सुंदर दिवस आहे,Marathi
कृपया मलाई मद्दत गर,Nepali
कृपया मेरी मदद करें यह एक सुंदर दिन है,Hindi
कति बजेको छ? यो पुस्तक धेरै रोचक छ,Nepali
म भोक लागेको छु,Nepali
मौसम बहुत अच्छा है,Hindi
मुझे भूख लगी है,Hindi
तिमीलाई कस्तो छ?,Nepali
कृपया मेरी मदद करें मैं बाजार जा रहा हूँ,Hindi
कृपया मेरी मदद करें,Hindi
कृपया साहाय्यं कुरुत,Sanskrit
भारत एक महान देश है मुझे भूख लगी है,Hindi
भारतः महान् देशः अस्ति,Sanskrit
म भोक लागेको छु,Nepali
मी बाजारात जात आहे,Marathi
मी बाजारात जात आहे मला भूक लागली आहे,Marathi
कृपया मलाई मद्दत गर,Nepali
भारत एक महान देश हो,Nepali
कृपया मेरी मदद करें कृपया मेरी मदद करें,Hindi
मी बाजारात जात आहे,Marathi
म बजार जाँदैछु,Nepali
मैं बाजार जा रहा हूँ यह एक सुंदर दिन है,Hindi
भारत एक महान देश है,Hindi
वातावरणं रमणीयं अस्ति,Sanskrit
वातावरणं रमणीयं अस्ति,Sanskrit
यो एक सुन्दर दिन हो,Nepali
एषः सुंदरः दिवसः अस्ति अहं संस्कृतं पठामि,Sanskrit
अहं विद्यालयं गच्छामि,Sanskrit
भारत एक महान देश हो,Nepali
हा एक सुंदर दिवस आहे,Marathi
मम क्षुधा वर्तते,Sanskrit
कियद्वेला जाता? त्वं कथं असि?,Sanskrit
यो एक सुन्दर दिन हो मौसम धेरै राम्रो छ,Nepali
तुम कैसे हो?,Hindi
तुम कैसे हो? कृपया मेरी मदद करें,Hindi
तू कसा आहेस?,Marathi
हवामान खूप छान आहे,Marathi
मौसम बहुत अच्छा है,Hindi
मम क्षुधा वर्तते,Sanskrit
यो एक सुन्दर दिन हो,Nepali
म भोक लागेको छु,Nepali
मुझे भूख लगी है,Hindi
कति बजेको छ? मौसम धेरै राम्रो छ,Nepali
कति बजेको छ? यो एक सुन्दर दिन हो,Nepali
हवामान खूप छान आहे,Marathi
मैं बाजार जा रहा हूँ यह पुस्तक बहुत रोचक है,Hindi
क्या समय हुआ है?,Hindi
म बजार जाँदैछु,Nepali
एषा पुस्तिका रोचकं अस्ति,Sanskrit
एषा पुस्तिका रोचकं अस्ति मम क्षुधा वर्तते,Sanskrit
म भोक लागेको छु म बजार जाँदैछु,Nepali
मौसम धेरै राम्रो छ,Nepali
कृपया मलाई मद्दत गर,Nepali
अहं संस्कृतं पठामि,Sanskrit
भारत एक महान देश आहे,Marathi
मौसम बहुत अच्छा है यह पुस्तक बहुत रोचक है,Hindi
अहं संस्कृतं पठामि मम क्षुधा वर्तते,Sanskrit
त्वं कथं असि?,Sanskrit
भारत एक महान देश हो म भोक लागेको छु,Nepali
मैं हिंदी सीख रहा हूँ मैं हिंदी सीख रहा हूँ,Hindi
हा एक सुंदर दिवस आहे मी मराठी शिकत आहे,Marathi
कृपया मलाई मद्दत गर,Nepali
यह एक सुंदर दिन है मैं बाजार जा रहा हूँ,Hindi
हा एक सुंदर दिवस आहे,Marathi
एषा पुस्तिका रोचकं अस्ति वातावरणं रमणीयं अस्ति,Sanskrit
भारत एक महान देश हो तिमीलाई कस्तो छ?,Nepali
हवामान खूप छान आहे,Marathi
यह पुस्तक बहुत रोचक है,Hindi
मौसम धेरै राम्रो छ,Nepali
भारत एक महान देश है,Hindi
कियद्वेला जाता?,Sanskrit
एषः सुंदरः दिवसः अस्ति एषः सुंदरः दिवसः अस्ति,Sanskrit
एषः सुंदरः दिवसः अस्ति मम क्षुधा वर्तते,Sanskrit
कृपया मलाई मद्दत गर,Nepali
एषा पुस्तिका रोचकं अस्ति,Sanskrit
म भोक लागेको छु,Nepali
भारत एक महान देश आहे,Marathi
भारत एक महान देश हो,Nepali
तू कसा आहेस? कृपया माझी मदत करा,Marathi
मी मराठी शिकत आहे भारत एक महान देश आहे,Marathi
मी मराठी शिकत आहे मला भूक लागली आहे,Marathi
भारत एक महान देश हो,Nepali
मैं हिंदी सीख रहा हूँ कृपया मेरी मदद करें,Hindi
क्या समय हुआ है?,Hindi
मैं हिंदी सीख रहा हूँ,Hindi
हवामान खूप छान आहे,Marathi
कृपया साहाय्यं कुरुत,Sanskrit
यह एक सुंदर दिन है,Hindi
मला भूक लागली आहे,Marathi
मैं हिंदी सीख रहा हूँ,Hindi
यो पुस्तक धेरै रोचक छ,Nepali
वातावरणं रमणीयं अस्ति,Sanskrit
कृपया मेरी मदद करें,Hindi
कति बजेको छ?,Nepali
म भोक लागेको छु म बजार जाँदैछु,Nepali
ही पुस्तक खूप रंजक आहे मी मराठी शिकत आहे,Marathi
कृपया मलाई मद्दत गर,Nepali
वेळ किती वाजली आहे?,Marathi
त्वं कथं असि?,Sanskrit
क्या समय हुआ है?,Hindi
एषा पुस्तिका रोचकं अस्ति,Sanskrit
अहं विद्यालयं गच्छामि एषः सुंदरः दिवसः अस्ति,Sanskrit
म नेपाली सिक्दैछु कृपया मलाई मद्दत गर,Nepali
मम क्षुधा वर्तते,Sanskrit
मैं हिंदी सीख रहा हूँ,Hindi
मी बाजारात जात आहे,Marathi
मम क्षुधा वर्तते,Sanskrit
अहं संस्कृतं पठामि,Sanskrit
म नेपाली सिक्दैछु,Nepali
मुझे भूख लगी है,Hindi
मैं बाजार जा रहा हूँ,Hindi
तू कसा आहेस? मी मराठी शिकत आहे,Marathi
वातावरणं रमणीयं अस्ति त्वं कथं असि?,Sanskrit
मी मराठी शिकत आहे,Marathi
यह पुस्तक बहुत रोचक है मैं हिंदी सीख रहा हूँ,Hindi
मी मराठी शिकत आहे,Marathi
मी बाजारात जात आहे मला भूक लागली आहे,Marathi
वातावरणं रमणीयं अस्ति मम क्षुधा वर्तते,Sanskrit
भारत एक महान देश है,Hindi
म नेपाली सिक्दैछु,Nepali
तू कसा आहेस?,Marathi
तू कसा आहेस?,Marathi
भारत एक महान देश हो,Nepali
मला भूक लागली आहे,Marathi
मैं हिंदी सीख रहा हूँ यह पुस्तक बहुत रोचक है,Hindi
त्वं कथं असि?,Sanskrit
तुम कैसे हो? मैं बाजार जा रहा हूँ,Hindi
वेळ किती वाजली आहे?,Marathi
कृपया मेरी मदद करें,Hindi
मी मराठी शिकत आहे,Marathi
कृपया साहाय्यं कुरुत,Sanskrit
मी बाजारात जात आहे,Marathi
हा एक सुंदर दिवस आहे,Marathi
मैं हिंदी सीख रहा हूँ,Hindi
मौसम धेरै राम्रो छ म नेपाली सिक्दैछु,Nepali
कृपया मलाई मद्दत गर,Nepali
भारत एक महान देश आहे,Marathi
एषः सुंदरः दिवसः अस्ति,Sanskrit
एषः सुंदरः दिवसः अस्ति अहं विद्यालयं गच्छामि,Sanskrit
एषा पुस्तिका रोचकं अस्ति,Sanskrit
म नेपाली सिक्दैछु,Nepali
मी बाजारात जात आहे,Marathi
म बजार जाँदैछु,Nepali
मम क्षुधा वर्तते,Sanskrit
तिमीलाई कस्तो छ?,Nepali
अहं संस्कृतं पठामि,Sanskrit
यह पुस्तक बहुत रोचक है,Hindi
भारतः महान् देशः अस्ति,Sanskrit
कृपया माझी मदत करा,Marathi
भारत एक महान देश है,Hindi
म भोक लागेको छु,Nepali
कृपया साहाय्यं कुरुत,Sanskrit
हवामान खूप छान आहे,Marathi
मी बाजारात जात आहे,Marathi
तुम कैसे हो? तुम कैसे हो?,Hindi
मी मराठी शिकत आहे,Marathi
त्वं कथं असि?,Sanskrit
कृपया माझी मदत करा,Marathi
मी बाजारात जात आहे,Marathi
कियद्वेला जाता?,Sanskrit
कृपया मलाई मद्दत गर,Nepali
वातावरणं रमणीयं अस्ति,Sanskrit
भारत एक महान देश आहे,Marathi
भारत एक महान देश हो यो पुस्तक धेरै रोचक छ,Nepali
वातावरणं रमणीयं अस्ति एषः सुंदरः दिवसः अस्ति,Sanskrit
एषः सुंदरः दिवसः अस्ति,Sanskrit
कृपया मलाई मद्दत गर,Nepali
कृपया मेरी मदद करें,Hindi
एषः सुंदरः दिवसः अस्ति वातावरणं रमणीयं अस्ति,Sanskrit
भारतः महान् देशः अस्ति कियद्वेला जाता?,Sanskrit
वातावरणं रमणीयं अस्ति,Sanskrit
मैं हिंदी सीख रहा हूँ,Hindi
क्या समय हुआ है?,Hindi
हवामान खूप छान आहे,Marathi
म बजार जाँदैछु म बजार जाँदैछु,Nepali
तू कसा आहेस?,Marathi
मैं बाजार जा रहा हूँ यह पुस्तक बहुत रोचक है,Hindi
मुझे भूख लगी है,Hindi
भारतः महान् देशः अस्ति वातावरणं रमणीयं अस्ति,Sanskrit
अहं विद्यालयं गच्छामि,Sanskrit
भारत एक महान देश आहे,Marathi
तिमीलाई कस्तो छ?,Nepali
तिमीलाई कस्तो छ? मौसम धेरै राम्रो छ,Nepali
हा एक सुंदर दिवस आहे,Marathi
तू कसा आहेस?,Marathi
एषः सुंदरः दिवसः अस्ति वातावरणं रमणीयं अस्ति,Sanskrit
भारतः महान् देशः अस्ति,Sanskrit
कृपया माझी मदत करा मला भूक लागली आहे,Marathi
एषा पुस्तिका रोचकं अस्ति,Sanskrit
मी मराठी शिकत आहे मला भूक लागली आहे,Marathi
कृपया माझी मदत करा मी बाजारात जात आहे,Marathi
भारतः महान् देशः अस्ति अहं विद्यालयं गच्छामि,Sanskrit
मैं हिंदी सीख रहा हूँ मैं हिंदी सीख रहा हूँ,Hindi
मैं हिंदी सीख रहा हूँ,Hindi
मौसम धेरै राम्रो छ,Nepali
मुझे भूख लगी है,Hindi
भारतः महान् देशः अस्ति,Sanskrit
भारत एक महान देश हो कृपया मलाई मद्दत गर,Nepali
कृपया मलाई मद्दत गर म भोक लागेको छु,Nepali
ही पुस्तक खूप रंजक आहे,Marathi
भारत एक महान देश है तुम कैसे हो?,Hindi
त्वं कथं असि? मम क्षुधा वर्तते,Sanskrit
कृपया मलाई मद्दत गर कृपया मलाई मद्दत गर,Nepali
तू कसा आहेस?,Marathi
एषः सुंदरः दिवसः अस्ति एषः सुंदरः दिवसः अस्ति,Sanskrit
यो पुस्तक धेरै रोचक छ,Nepali
क्या समय हुआ है?,Hindi
यो एक सुन्दर दिन हो कृपया मलाई मद्दत गर,Nepali
मैं बाजार जा रहा हूँ,Hindi
अहं विद्यालयं गच्छामि,Sanskrit
तुम कैसे हो? यह पुस्तक बहुत रोचक है,Hindi
म नेपाली सिक्दैछु म बजार जाँदैछु,Nepali
मौसम धेरै राम्रो छ,Nepali
मम क्षुधा वर्तते,Sanskrit
म भोक लागेको छु,Nepali
मला भूक लागली आहे,Marathi
तुम कैसे हो?,Hindi
हा एक सुंदर दिवस आहे,Marathi
म बजार जाँदैछु,Nepali
तुम कैसे हो?,Hindi
वेळ किती वाजली आहे?,Marathi
मौसम बहुत अच्छा है,Hindi
त्वं कथं असि?,Sanskrit
यो पुस्तक धेरै रोचक छ,Nepali
एषः सुंदरः दिवसः अस्ति,Sanskrit
मी मराठी शिकत आहे वेळ किती वाजली आहे?,Marathi
मौसम बहुत अच्छा है,Hindi
म नेपाली सिक्दैछु,Nepali
अहं संस्कृतं पठामि,Sanskrit
मला भूक लागली आहे,Marathi
म भोक लागेको छु तिमीलाई कस्तो छ?,Nepali
कृपया माझी मदत करा मला भूक लागली आहे,Marathi
अहं संस्कृतं पठामि,Sanskrit
म बजार जाँदैछु म नेपाली सिक्दैछु,Nepali
म भोक लागेको छु,Nepali
वातावरणं रमणीयं अस्ति,Sanskrit
मैं हिंदी सीख रहा हूँ,Hindi
हवामान खूप छान आहे,Marathi
यो पुस्तक धेरै रोचक छ,Nepali
अहं विद्यालयं गच्छामि,Sanskrit
हा एक सुंदर दिवस आहे वेळ किती वाजली आहे?,Marathi
म नेपाली सिक्दैछु,Nepali
त्वं कथं असि?,Sanskrit
मौसम बहुत अच्छा है,Hindi
भारत एक महान देश है,Hindi
भारत एक महान देश हो,Nepali
भारत एक महान देश हो मौसम धेरै राम्रो छ,Nepali
वातावरणं रमणीयं अस्ति एषा पुस्तिका रोचकं अस्ति,Sanskrit
हवामान खूप छान आहे,Marathi
हवामान खूप छान आहे हवामान खूप छान आहे,Marathi
अहं विद्यालयं गच्छामि त्वं कथं असि?,Sanskrit
मी बाजारात जात आहे,Marathi
म नेपाली सिक्दैछु,Nepali
हवामान खूप छान आहे,Marathi
तिमीलाई कस्तो छ?,Nepali
क्या समय हुआ है?,Hindi
भारतः महान् देशः अस्ति,Sanskrit
यो पुस्तक धेरै रोचक छ,Nepali
मुझे भूख लगी है भारत एक महान देश है,Hindi
त्वं कथं असि? कियद्वेला जाता?,Sanskrit
म भोक लागेको छु,Nepali
यह एक सुंदर दिन है,Hindi
यो एक सुन्दर दिन हो,Nepali
हा एक सुंदर दिवस आहे,Marathi
यह एक सुंदर दिन है भारत एक महान देश है,Hindi
त्वं कथं असि?,Sanskrit
मौसम धेरै राम्रो छ,Nepali
तुम कैसे हो?,Hindi
म भोक लागेको छु,Nepali
क्या समय हुआ है? मुझे भूख लगी है,Hindi
मी मराठी शिकत आहे कृपया माझी मदत करा,Marathi
एषः सुंदरः दिवसः अस्ति,Sanskrit
यो पुस्तक धेरै रोचक छ,Nepali
भारत एक महान देश है कृपया मेरी मदद करें,Hindi
मला भूक लागली आहे मला भूक लागली आहे,Marathi
तिमीलाई कस्तो छ? भारत एक महान देश हो,Nepali
मैं बाजार जा रहा हूँ मुझे भूख लगी है,Hindi
तू कसा आहेस?,Marathi
एषा पुस्तिका रोचकं अस्ति,Sanskrit
कृपया मेरी मदद करें कृपया मेरी मदद करें,Hindi
कियद्वेला जाता? मम क्षुधा वर्तते,Sanskrit
कृपया साहाय्यं कुरुत,Sanskrit
ही पुस्तक खूप रंजक आहे मी बाजारात जात आहे,Marathi
कति बजेको छ? म नेपाली सिक्दैछु,Nepali
मुझे भूख लगी है,Hindi
मौसम धेरै राम्रो छ म भोक लागेको छु,Nepali
यो एक सुन्दर दिन हो यो एक सुन्दर दिन हो,Nepali
मौसम बहुत अच्छा है,Hindi
कति बजेको छ?,Nepali
मम क्षुधा वर्तते,Sanskrit
मी मराठी शिकत आहे तू कसा आहेस?,Marathi
यह एक सुंदर दिन है,Hindi
वातावरणं रमणीयं अस्ति,Sanskrit
भारत एक महान देश है,Hindi
एषा पुस्तिका रोचकं अस्ति,Sanskrit
मुझे भूख लगी है,Hindi
मैं हिंदी सीख रहा हूँ,Hindi
कृपया साहाय्यं कुरुत,Sanskrit
मम क्षुधा वर्तते मम क्षुधा वर्तते,Sanskrit
मैं बाजार जा रहा हूँ मैं बाजार जा रहा हूँ,Hindi
कति बजेको छ? मौसम धेरै राम्रो छ,Nepali
मैं हिंदी सीख रहा हूँ क्या समय हुआ है?,Hindi
मैं बाजार जा रहा हूँ कृपया मेरी मदद करें,Hindi
मी बाजारात जात आहे भारत एक महान देश आहे,Marathi
कति बजेको छ?,Nepali
एषा पुस्तिका रोचकं अस्ति,Sanskrit
यह पुस्तक बहुत रोचक है,Hindi
तुम कैसे हो?,Hindi
वेळ किती वाजली आहे?,Marathi
वातावरणं रमणीयं अस्ति,Sanskrit
मौसम धेरै राम्रो छ,Nepali
हवामान खूप छान आहे,Marathi
मी मराठी शिकत आहे भारत एक महान देश आहे,Marathi
हा एक सुंदर दिवस आहे तू कसा आहेस?,Marathi
म बजार जाँदैछु म नेपाली सिक्दैछु,Nepali
हा एक सुंदर दिवस आहे तू कसा आहेस?,Marathi
मम क्षुधा वर्तते,Sanskrit
यो एक सुन्दर दिन हो,Nepali
भारत एक महान देश हो,Nepali
मी बाजारात जात आहे तू कसा आहेस?,Marathi
त्वं कथं असि?,Sanskrit
मी मराठी शिकत आहे,Marathi
कति बजेको छ?,Nepali
हा एक सुंदर दिवस आहे,Marathi
मुझे भूख लगी है यह एक सुंदर दिन है,Hindi
तू कसा आहेस?,Marathi
मैं बाजार जा रहा हूँ,Hindi
हा एक सुंदर दिवस आहे,Marathi
ही पुस्तक खूप रंजक आहे मी मराठी शिकत आहे,Marathi
अहं संस्कृतं पठामि अहं विद्यालयं गच्छामि,Sanskrit
कृपया मेरी मदद करें,Hindi
कियद्वेला जाता?,Sanskrit
ही पुस्तक खूप रंजक आहे मी बाजारात जात आहे,Marathi
भारतः महान् देशः अस्ति वातावरणं रमणीयं अस्ति,Sanskrit
ही पुस्तक खूप रंजक आहे,Marathi
भारत एक महान देश है,Hindi
कृपया माझी मदत करा हा एक सुंदर दिवस आहे,Marathi
ही पुस्तक खूप रंजक आहे,Marathi
मैं हिंदी सीख रहा हूँ कृपया मेरी मदद करें,Hindi
म नेपाली सिक्दैछु,Nepali
मैं हिंदी सीख रहा हूँ,Hindi
भारतः महान् देशः अस्ति,Sanskrit
क्या समय हुआ है? तुम कैसे हो?,Hindi
मी मराठी शिकत आहे,Marathi
म नेपाली सिक्दैछु म नेपाली सिक्दैछु,Nepali
मी बाजारात जात आहे,Marathi
त्वं कथं असि?,Sanskrit
तू कसा आहेस? भारत एक महान देश आहे,Marathi
क्या समय हुआ है?,Hindi
मला भूक लागली आहे कृपया माझी मदत करा,Marathi
एषा पुस्तिका रोचकं अस्ति,Sanskrit
कृपया साहाय्यं कुरुत,Sanskrit
अहं विद्यालयं गच्छामि,Sanskrit
हवामान खूप छान आहे मला भूक लागली आहे,Marathi
मी बाजारात जात आहे,Marathi
हवामान खूप छान आहे मी बाजारात जात आहे,Marathi
कियद्वेला जाता?,Sanskrit
अहं विद्यालयं गच्छामि,Sanskrit
कति बजेको छ?,Nepali
तुम कैसे हो? मौसम बहुत अच्छा है,Hindi
त्वं कथं असि? एषः सुंदरः दिवसः अस्ति,Sanskrit
मैं हिंदी सीख रहा हूँ,Hindi
मी मराठी शिकत आहे,Marathi
क्या समय हुआ है?,Hindi
कति बजेको छ?,Nepali
कृपया साहाय्यं कुरुत,Sanskrit
कति बजेको छ?,Nepali
मी मराठी शिकत आहे,Marathi
मुझे भूख लगी है,Hindi
एषा पुस्तिका रोचकं अस्ति,Sanskrit
यो पुस्तक धेरै रोचक छ यो पुस्तक धेरै रोचक छ,Nepali
हवामान खूप छान आहे भारत एक महान देश आहे,Marathi
मी बाजारात जात आहे,Marathi
कृपया मलाई मद्दत गर,Nepali
भारतः महान् देशः अस्ति,Sanskrit
वेळ किती वाजली आहे?,Marathi
यह एक सुंदर दिन है मुझे भूख लगी है,Hindi
यो पुस्तक धेरै रोचक छ,Nepali
भारत एक महान देश है यह एक सुंदर दिन है,Hindi
कृपया माझी मदत करा मी मराठी शिकत आहे,Marathi
तू कसा आहेस?,Marathi
कृपया मलाई मद्दत गर यो पुस्तक धेरै रोचक छ,Nepali
मौसम बहुत अच्छा है,Hindi
हा एक सुंदर दिवस आहे,Marathi
वातावरणं रमणीयं अस्ति,Sanskrit
मैं बाजार जा रहा हूँ,Hindi
यह एक सुंदर दिन है मैं हिंदी सीख रहा हूँ,Hindi
तिमीलाई कस्तो छ? मौसम धेरै राम्रो छ,Nepali
त्वं कथं असि?,Sanskrit
मौसम बहुत अच्छा है,Hindi
तू कसा आहेस?,Marathi
मी बाजारात जात आहे,Marathi
तुम कैसे हो?,Hindi
मौसम बहुत अच्छा है,Hindi
म बजार जाँदैछु,Nepali
भारत एक महान देश है,Hindi
अहं विद्यालयं गच्छामि,Sanskrit
हा एक सुंदर दिवस आहे,Marathi
मैं बाजार जा रहा हूँ यह पुस्तक बहुत रोचक है,Hindi
एषः सुंदरः दिवसः अस्ति,Sanskrit
अहं विद्यालयं गच्छामि एषा पुस्तिका रोचकं अस्ति,Sanskrit
यह एक सुंदर दिन है,Hindi
तिमीलाई कस्तो छ?,Nepali
कृपया मेरी मदद करें भारत एक महान देश है,Hindi
मुझे भूख लगी है मैं बाजार जा रहा हूँ,Hindi
मौसम बहुत अच्छा है,Hindi
मैं हिंदी सीख रहा हूँ,Hindi
मौसम धेरै राम्रो छ,Nepali
एषः सुंदरः दिवसः अस्ति,Sanskrit
भारत एक महान देश हो भारत एक महान देश हो,Nepali
मी बाजारात जात आहे,Marathi
मी मराठी शिकत आहे,Marathi
मौसम बहुत अच्छा है,Hindi
हा एक सुंदर दिवस आहे,Marathi
कृपया माझी मदत करा ही पुस्तक खूप रंजक आहे,Marathi
म भोक लागेको छु,Nepali
भारतः महान् देशः अस्ति अहं विद्यालयं गच्छामि,Sanskrit
मी मराठी शिकत आहे हवामान खूप छान आहे,Marathi
तुम कैसे हो?,Hindi
वेळ किती वाजली आहे?,Marathi
कियद्वेला जाता?,Sanskrit
कृपया साहाय्यं कुरुत अहं विद्यालयं गच्छामि,Sanskrit
यह एक सुंदर दिन है भारत एक महान देश है,Hindi
तू कसा आहेस?,Marathi
कति बजेको छ?,Nepali
भारत एक महान देश है तुम कैसे हो?,Hindi
कृपया साहाय्यं कुरुत अहं विद्यालयं गच्छामि,Sanskrit
अहं संस्कृतं पठामि कृपया साहाय्यं कुरुत,Sanskrit
कृपया मलाई मद्दत गर,Nepali
कृपया साहाय्यं कुरुत,Sanskrit
कियद्वेला जाता?,Sanskrit
अहं विद्यालयं गच्छामि,Sanskrit
यह एक सुंदर दिन है,Hindi
त्वं कथं असि? अहं विद्यालयं गच्छामि,Sanskrit
एषा पुस्तिका रोचकं अस्ति,Sanskrit
भारत एक महान देश आहे तू कसा आहेस?,Marathi
तिमीलाई कस्तो छ?,Nepali
म बजार जाँदैछु,Nepali
भारत एक महान देश आहे,Marathi
यो एक सुन्दर दिन हो,Nepali
भारत एक महान देश आहे,Marathi
वेळ किती वाजली आहे? भारत एक महान देश आहे,Marathi
मौसम बहुत अच्छा है मैं हिंदी सीख रहा हूँ,Hindi
कृपया साहाय्यं कुरुत,Sanskrit
तिमीलाई कस्तो छ?,Nepali
त्वं कथं असि? त्वं कथं असि?,Sanskrit
तुम कैसे हो?,Hindi
म नेपाली सिक्दैछु म नेपाली सिक्दैछु,Nepali
भारत एक महान देश है,Hindi
भारत एक महान देश है,Hindi
यो पुस्तक धेरै रोचक छ,Nepali
कति बजेको छ? कति बजेको छ?,Nepali
मौसम बहुत अच्छा है,Hindi
भारतः महान् देशः अस्ति अहं विद्यालयं गच्छामि,Sanskrit
ही पुस्तक खूप रंजक आहे,Marathi
मौसम बहुत अच्छा है,Hindi
मला भूक लागली आहे,Marathi
मी बाजारात जात आहे,Marathi
यो एक सुन्दर दिन हो,Nepali
त्वं कथं असि?,Sanskrit
मुझे भूख लगी है,Hindi
कृपया मेरी मदद करें,Hindi
मी मराठी शिकत आहे,Marathi
एषः सुंदरः दिवसः अस्ति,Sanskrit
तू कसा आहेस?,Marathi
कृपया साहाय्यं कुरुत,Sanskrit
क्या समय हुआ है? भारत एक महान देश है,Hindi
मी बाजारात जात आहे वेळ किती वाजली आहे?,Marathi
यो पुस्तक धेरै रोचक छ,Nepali
हा एक सुंदर दिवस आहे तू कसा आहेस?,Marathi
मम क्षुधा वर्तते,Sanskrit
हा एक सुंदर दिवस आहे,Marathi
कृपया मलाई मद्दत गर म बजार जाँदैछु,Nepali
भारत एक महान देश है,Hindi
यह पुस्तक बहुत रोचक है,Hindi
त्वं कथं असि?,Sanskrit
भारत एक महान देश आहे,Marathi
कृपया माझी मदत करा,Marathi
वातावरणं रमणीयं अस्ति,Sanskrit
कृपया साहाय्यं कुरुत,Sanskrit
कृपया साहाय्यं कुरुत,Sanskrit
तिमीलाई कस्तो छ?,Nepali
मला भूक लागली आहे,Marathi
मला भूक लागली आहे,Marathi
मी बाजारात जात आहे,Marathi
कृपया मेरी मदद करें क्या समय हुआ है?,Hindi
भारत एक महान देश आहे,Marathi
क्या समय हुआ है? मुझे भूख लगी है,Hindi
ही पुस्तक खूप रंजक आहे,Marathi
अहं संस्कृतं पठामि,Sanskrit
वेळ किती वाजली आहे?,Marathi
यो पुस्तक धेरै रोचक छ,Nepali
तुम कैसे हो?,Hindi
कृपया साहाय्यं कुरुत,Sanskrit
यह एक सुंदर दिन है तुम कैसे हो?,Hindi
तू कसा आहेस?,Marathi
कृपया साहाय्यं कुरुत कृपया साहाय्यं कुरुत,Sanskrit
कृपया साहाय्यं कुरुत कियद्वेला जाता?,Sanskrit
भारतः महान् देशः अस्ति,Sanskrit
मला भूक लागली आहे,Marathi
म नेपाली सिक्दैछु,Nepali
क्या समय हुआ है? मुझे भूख लगी है,Hindi
एषः सुंदरः दिवसः अस्ति अहं विद्यालयं गच्छामि,Sanskrit
यह पुस्तक बहुत रोचक है यह एक सुंदर दिन है,Hindi
यो एक सुन्दर दिन हो कति बजेको छ?,Nepali
कियद्वेला जाता?,Sanskrit
भारत एक महान देश आहे,Marathi
मम क्षुधा वर्तते,Sanskrit
मी बाजारात जात आहे,Marathi
कृपया माझी मदत करा,Marathi
कृपया साहाय्यं कुरुत,Sanskrit
म नेपाली सिक्दैछु म भोक लागेको छु,Nepali
म नेपाली सिक्दैछु,Nepali
एषः सुंदरः दिवसः अस्ति,Sanskrit
एषः सुंदरः दिवसः अस्ति भारतः महान् देशः अस्ति,Sanskrit
कृपया मलाई मद्दत गर,Nepali
कृपया मलाई मद्दत गर,Nepali
कति बजेको छ? भारत एक महान देश हो,Nepali
कृपया माझी मदत करा मी बाजारात जात आहे,Marathi
कति बजेको छ?,Nepali
कियद्वेला जाता?,Sanskrit
म बजार जाँदैछु,Nepali
भारत एक महान देश आहे,Marathi
क्या समय हुआ है? मैं हिंदी सीख रहा हूँ,Hindi
अहं संस्कृतं पठामि,Sanskrit
मुझे भूख लगी है,Hindi
यह पुस्तक बहुत रोचक है,Hindi
तू कसा आहेस?,Marathi
कृपया साहाय्यं कुरुत भारतः महान् देशः अस्ति,Sanskrit
कति बजेको छ?,Nepali
मी बाजारात जात आहे,Marathi
हवामान खूप छान आहे,Marathi
मुझे भूख लगी है मौसम बहुत अच्छा है,Hindi
ही पुस्तक खूप रंजक आहे,Marathi
यो एक सुन्दर दिन हो,Nepali
कियद्वेला जाता? मम क्षुधा वर्तते,Sanskrit
कति बजेको छ? यो एक सुन्दर दिन हो,Nepali
मौसम बहुत अच्छा है,Hindi
हा एक सुंदर दिवस आहे तू कसा आहेस?,Marathi
कृपया मलाई मद्दत गर मौसम धेरै राम्रो छ,Nepali
कृपया साहाय्यं कुरुत,Sanskrit
भारतः महान् देशः अस्ति त्वं कथं असि?,Sanskrit
कृपया मेरी मदद करें,Hindi
यह एक सुंदर दिन है,Hindi
मौसम धेरै राम्रो छ,Nepali
तू कसा आहेस?,Marathi
मम क्षुधा वर्तते,Sanskrit
वातावरणं रमणीयं अस्ति,Sanskrit
एषः सुंदरः दिवसः अस्ति वातावरणं रमणीयं अस्ति,Sanskrit
हवामान खूप छान आहे,Marathi
म नेपाली सिक्दैछु,Nepali
कृपया मेरी मदद करें भारत एक महान देश है,Hindi
यो पुस्तक धेरै रोचक छ,Nepali
भारत एक महान देश आहे,Marathi
तू कसा आहेस?,Marathi
कृपया मलाई मद्दत गर भारत एक महान देश हो,Nepali
कति बजेको छ? म बजार जाँदैछु,Nepali
भारत एक महान देश हो,Nepali
कृपया माझी मदत करा मी बाजारात जात आहे,Marathi
मुझे भूख लगी है,Hindi
भारत एक महान देश आहे,Marathi
कति बजेको छ?,Nepali
अहं संस्कृतं पठामि,Sanskrit
कृपया मलाई मद्दत गर,Nepali
म नेपाली सिक्दैछु,Nepali
कृपया साहाय्यं कुरुत,Sanskrit
यह एक सुंदर दिन है,Hindi
भारत एक महान देश आहे ही पुस्तक खूप रंजक आहे,Marathi
म नेपाली सिक्दैछु,Nepali
यो पुस्तक धेरै रोचक छ यो एक सुन्दर दिन हो,Nepali
हा एक सुंदर दिवस आहे मला भूक लागली आहे,Marathi
तुम कैसे हो? भारत एक महान देश है,Hindi
हा एक सुंदर दिवस आहे,Marathi
एषः सुंदरः दिवसः अस्ति कृपया साहाय्यं कुरुत,Sanskrit
अहं संस्कृतं पठामि,Sanskrit
अहं विद्यालयं गच्छामि कृपया साहाय्यं कुरुत,Sanskrit
मम क्षुधा वर्तते,Sanskrit
अहं विद्यालयं गच्छामि मम क्षुधा वर्तते,Sanskrit
मौसम बहुत अच्छा है तुम कैसे हो?,Hindi
म भोक लागेको छु म नेपाली सिक्दैछु,Nepali
अहं संस्कृतं पठामि,Sanskrit
मौसम धेरै राम्रो छ,Nepali
कृपया साहाय्यं कुरुत,Sanskrit
भारत एक महान देश आहे,Marathi
एषा पुस्तिका रोचकं अस्ति एषा पुस्तिका रोचकं अस्ति,Sanskrit
कृपया मलाई मद्दत गर,Nepali
क्या समय हुआ है?,Hindi
अहं संस्कृतं पठामि,Sanskrit
यह पुस्तक बहुत रोचक है,Hindi
कृपया साहाय्यं कुरुत,Sanskrit
कृपया मलाई मद्दत गर म भोक लागेको छु,Nepali
वातावरणं रमणीयं अस्ति,Sanskrit
भारत एक महान देश हो कृपया मलाई मद्दत गर,Nepali
तू कसा आहेस?,Marathi
कृपया साहाय्यं कुरुत कृपया साहाय्यं कुरुत,Sanskrit
मला भूक लागली आहे वेळ किती वाजली आहे?,Marathi
अहं संस्कृतं पठामि,Sanskrit
तिमीलाई कस्तो छ?,Nepali
मौसम बहुत अच्छा है,Hindi
भारत एक महान देश हो,Nepali
म बजार जाँदैछु,Nepali
भारतः महान् देशः अस्ति,Sanskrit
मैं हिंदी सीख रहा हूँ मैं बाजार जा रहा हूँ,Hindi
अहं विद्यालयं गच्छामि,Sanskrit
कियद्वेला जाता?,Sanskrit
तू कसा आहेस?,Marathi
तुम कैसे हो? क्या समय हुआ है?,Hindi
यह एक सुंदर दिन है यह पुस्तक बहुत रोचक है,Hindi
म भोक लागेको छु म नेपाली सिक्दैछु,Nepali
भारत एक महान देश हो म भोक लागेको छु,Nepali
वेळ किती वाजली आहे?,Marathi
म बजार जाँदैछु,Nepali
एषा पुस्तिका रोचकं अस्ति एषः सुंदरः दिवसः अस्ति,Sanskrit
मैं हिंदी सीख रहा हूँ,Hindi
वेळ किती वाजली आहे?,Marathi
मी मराठी शिकत आहे,Marathi
यो पुस्तक धेरै रोचक छ,Nepali
भारतः महान् देशः अस्ति,Sanskrit
मैं हिंदी सीख रहा हूँ,Hindi
यो पुस्तक धेरै रोचक छ,Nepali
अहं विद्यालयं गच्छामि,Sanskrit
ही पुस्तक खूप रंजक आहे,Marathi
भारतः महान् देशः अस्ति भारतः महान् देशः अस्ति,Sanskrit
कति बजेको छ? यो पुस्तक धेरै रोचक छ,Nepali
यह पुस्तक बहुत रोचक है,Hindi
ही पुस्तक खूप रंजक आहे मी बाजारात जात आहे,Marathi
भारत एक महान देश है,Hindi
यह पुस्तक बहुत रोचक है यह एक सुंदर दिन है,Hindi
यह एक सुंदर दिन है यह एक सुंदर दिन है,Hindi
कृपया माझी मदत करा,Marathi
भारत एक महान देश आहे मला भूक लागली आहे,Marathi
तू कसा आहेस? वेळ किती वाजली आहे?,Marathi
कृपया माझी मदत करा,Marathi
क्या समय हुआ है?,Hindi
वेळ किती वाजली आहे? वेळ किती वाजली आहे?,Marathi
त्वं कथं असि? मम क्षुधा वर्तते,Sanskrit
म बजार जाँदैछु,Nepali
त्वं कथं असि?,Sanskrit
भारत एक महान देश हो तिमीलाई कस्तो छ?,Nepali
क्या समय हुआ है?,Hindi
वातावरणं रमणीयं अस्ति,Sanskrit
मी बाजारात जात आहे,Marathi
तू कसा आहेस?,Marathi
म भोक लागेको छु,Nepali
भारतः महान् देशः अस्ति,Sanskrit
यह पुस्तक बहुत रोचक है,Hindi
मी बाजारात जात आहे,Marathi
यो पुस्तक धेरै रोचक छ,Nepali
कृपया माझी मदत करा,Marathi
क्या समय हुआ है?,Hindi
अहं विद्यालयं गच्छामि कृपया साहाय्यं कुरुत,Sanskrit
तुम कैसे हो?,Hindi
मैं बाजार जा रहा हूँ,Hindi
वेळ किती वाजली आहे?,Marathi
म बजार जाँदैछु,Nepali
भारत एक महान देश आहे कृपया माझी मदत करा,Marathi
हा एक सुंदर दिवस आहे,Marathi
म बजार जाँदैछु,Nepali
मैं हिंदी सीख रहा हूँ,Hindi
यह पुस्तक बहुत रोचक है,Hindi
यह पुस्तक बहुत रोचक है,Hindi
मौसम बहुत अच्छा है क्या समय हुआ है?,Hindi
तिमीलाई कस्तो छ?,Nepali
मुझे भूख लगी है,Hindi
भारत एक महान देश है,Hindi
भारत एक महान देश हो म नेपाली सिक्दैछु,Nepali
मैं बाजार जा रहा हूँ यह एक सुंदर दिन है,Hindi
एषा पुस्तिका रोचकं अस्ति,Sanskrit
क्या समय हुआ है?,Hindi
एषा पुस्तिका रोचकं अस्ति,Sanskrit
यो पुस्तक धेरै रोचक छ,Nepali
यो पुस्तक धेरै रोचक छ,Nepali
मैं हिंदी सीख रहा हूँ मैं हिंदी सीख रहा हूँ,Hindi
तुम कैसे हो?,Hindi
भारत एक महान देश है,Hindi
मुझे भूख लगी है,Hindi
तिमीलाई कस्तो छ? म नेपाली सिक्दैछु,Nepali
कृपया साहाय्यं कुरुत,Sanskrit
म नेपाली सिक्दैछु म भोक लागेको छु,Nepali
भारत एक महान देश हो,Nepali
मी बाजारात जात आहे हवामान खूप छान आहे,Marathi
भारत एक महान देश आहे,Marathi
मी मराठी शिकत आहे,Marathi
म बजार जाँदैछु,Nepali
कृपया माझी मदत करा तू कसा आहेस?,Marathi
मला भूक लागली आहे,Marathi
अहं विद्यालयं गच्छामि,Sanskrit
कृपया साहाय्यं कुरुत,Sanskrit
मुझे भूख लगी है मैं बाजार जा रहा हूँ,Hindi
मौसम धेरै राम्रो छ यो पुस्तक धेरै रोचक छ,Nepali
तुम कैसे हो?,Hindi
यो पुस्तक धेरै रोचक छ कति बजेको छ?,Nepali
मला भूक लागली आहे,Marathi
भारत एक महान देश आहे,Marathi
यो एक सुन्दर दिन हो,Nepali
हा एक सुंदर दिवस आहे,Marathi
तू कसा आहेस?,Marathi
मैं हिंदी सीख रहा हूँ,Hindi
कृपया माझी मदत करा,Marathi
अहं संस्कृतं पठामि,Sanskrit
हवामान खूप छान आहे कृपया माझी मदत करा,Marathi
भारत एक महान देश आहे तू कसा आहेस?,Marathi
यह पुस्तक बहुत रोचक है,Hindi
म नेपाली सिक्दैछु,Nepali
मी मराठी शिकत आहे,Marathi
कृपया साहाय्यं कुरुत,Sanskrit
मौसम बहुत अच्छा है मुझे भूख लगी है,Hindi
म भोक लागेको छु,Nepali
कियद्वेला जाता?,Sanskrit
मी बाजारात जात आहे,Marathi
त्वं कथं असि?,Sanskrit
भारत एक महान देश आहे,Marathi
भारतः महान् देशः अस्ति कृपया साहाय्यं कुरुत,Sanskrit
कियद्वेला जाता?,Sanskrit
वातावरणं रमणीयं अस्ति,Sanskrit
मम क्षुधा वर्तते,Sanskrit
ही पुस्तक खूप रंजक आहे,Marathi
कृपया मलाई मद्दत गर,Nepali
कृपया साहाय्यं कुरुत,Sanskrit
वेळ किती वाजली आहे?,Marathi
वातावरणं रमणीयं अस्ति त्वं कथं असि?,Sanskrit
भारत एक महान देश है,Hindi
क्या समय हुआ है?,Hindi
भारतः महान् देशः अस्ति,Sanskrit
कृपया मेरी मदद करें मुझे भूख लगी है,Hindi
भारत एक महान देश है भारत एक महान देश है,Hindi
वातावरणं रमणीयं अस्ति,Sanskrit
हा एक सुंदर दिवस आहे मी बाजारात जात आहे,Marathi
तुम कैसे हो?,Hindi
भारतः महान् देशः अस्ति,Sanskrit
ही पुस्तक खूप रंजक आहे,Marathi
यह एक सुंदर दिन है मैं हिंदी सीख रहा हूँ,Hindi
कियद्वेला जाता?,Sanskrit
कृपया माझी मदत करा,Marathi
क्या समय हुआ है? कृपया मेरी मदद करें,Hindi
वेळ किती वाजली आहे? कृपया माझी मदत करा,Marathi
भारत एक महान देश है,Hindi
यो पुस्तक धेरै रोचक छ कति बजेको छ?,Nepali
भारत एक महान देश हो,Nepali
मौसम बहुत अच्छा है,Hindi
तू कसा आहेस?,Marathi
मुझे भूख लगी है तुम कैसे हो?,Hindi
तिमीलाई कस्तो छ?,Nepali
हवामान खूप छान आहे,Marathi
कृपया मलाई मद्दत गर,Nepali
वातावरणं रमणीयं अस्ति,Sanskrit
तुम कैसे हो?,Hindi
तिमीलाई कस्तो छ?,Nepali
यह एक सुंदर दिन है,Hindi
कति बजेको छ?,Nepali
त्वं कथं असि?,Sanskrit
त्वं कथं असि?,Sanskrit
कृपया माझी मदत करा वेळ किती वाजली आहे?,Marathi
क्या समय हुआ है?,Hindi
म नेपाली सिक्दैछु,Nepali
भारतः महान् देशः अस्ति,Sanskrit
म नेपाली सिक्दैछु,Nepali
मी मराठी शिकत आहे तू कसा आहेस?,Marathi
हवामान खूप छान आहे,Marathi
अहं विद्यालयं गच्छामि,Sanskrit
कृपया मेरी मदद करें यह एक सुंदर दिन है,Hindi
त्वं कथं असि? अहं विद्यालयं गच्छामि,Sanskrit
मम क्षुधा वर्तते एषः सुंदरः दिवसः अस्ति,Sanskrit
म भोक लागेको छु,Nepali
मी बाजारात जात आहे,Marathi
ही पुस्तक खूप रंजक आहे,Marathi
यो एक सुन्दर दिन हो,Nepali
त्वं कथं असि?,Sanskrit
वेळ किती वाजली आहे?,Marathi
म बजार जाँदैछु,Nepali
मम क्षुधा वर्तते,Sanskrit
मुझे भूख लगी है,Hindi
मला भूक लागली आहे वेळ किती वाजली आहे?,Marathi
वेळ किती वाजली आहे?,Marathi
कृपया मेरी मदद करें भारत एक महान देश है,Hindi
मला भूक लागली आहे मी बाजारात जात आहे,Marathi
हा एक सुंदर दिवस आहे,Marathi
वातावरणं रमणीयं अस्ति,Sanskrit
मी मराठी शिकत आहे,Marathi
कियद्वेला जाता? अहं संस्कृतं पठामि,Sanskrit
यह एक सुंदर दिन है,Hindi
मला भूक लागली आहे हा एक सुंदर दिवस आहे,Marathi
मौसम धेरै राम्रो छ,Nepali
म बजार जाँदैछु कति बजेको छ?,Nepali
मौसम धेरै राम्रो छ म नेपाली सिक्दैछु,Nepali
ही पुस्तक खूप रंजक आहे,Marathi
भारत एक महान देश आहे,Marathi
यो पुस्तक धेरै रोचक छ म नेपाली सिक्दैछु,Nepali
मौसम धेरै राम्रो छ,Nepali
भारत एक महान देश हो,Nepali
मी बाजारात जात आहे,Marathi
अहं संस्कृतं पठामि कियद्वेला जाता?,Sanskrit
मम क्षुधा वर्तते वातावरणं रमणीयं अस्ति,Sanskrit
तुम कैसे हो?,Hindi
अहं विद्यालयं गच्छामि मम क्षुधा वर्तते,Sanskrit
मी मराठी शिकत आहे,Marathi
कृपया माझी मदत करा,Marathi
भारत एक महान देश हो म नेपाली सिक्दैछु,Nepali
अहं विद्यालयं गच्छामि,Sanskrit
अहं विद्यालयं गच्छामि,Sanskrit
मी मराठी शिकत आहे भारत एक महान देश आहे,Marathi
हा एक सुंदर दिवस आहे,Marathi
मैं हिंदी सीख रहा हूँ,Hindi
त्वं कथं असि?,Sanskrit
मला भूक लागली आहे,Marathi
त्वं कथं असि? मम क्षुधा वर्तते,Sanskrit
हा एक सुंदर दिवस आहे,Marathi
मुझे भूख लगी है मौसम बहुत अच्छा है,Hindi
मी मराठी शिकत आहे हवामान खूप छान आहे,Marathi
मला भूक लागली आहे कृपया माझी मदत करा,Marathi
मला भूक लागली आहे वेळ किती वाजली आहे?,Marathi
कृपया माझी मदत करा,Marathi
कृपया माझी मदत करा,Marathi
मला भूक लागली आहे हा एक सुंदर दिवस आहे,Marathi
कृपया साहाय्यं कुरुत,Sanskrit
यो पुस्तक धेरै रोचक छ,Nepali
अहं विद्यालयं गच्छामि,Sanskrit
कृपया माझी मदत करा,Marathi
यह पुस्तक बहुत रोचक है मैं बाजार जा रहा हूँ,Hindi
मला भूक लागली आहे मी बाजारात जात आहे,Marathi
मला भूक लागली आहे मला भूक लागली आहे,Marathi
मुझे भूख लगी है मैं बाजार जा रहा हूँ,Hindi
मी मराठी शिकत आहे,Marathi
अहं विद्यालयं गच्छामि कृपया साहाय्यं कुरुत,Sanskrit
मैं बाजार जा रहा हूँ,Hindi
कृपया मेरी मदद करें यह एक सुंदर दिन है,Hindi
यो एक सुन्दर दिन हो मौसम धेरै राम्रो छ,Nepali
तिमीलाई कस्तो छ? म नेपाली सिक्दैछु,Nepali
मी बाजारात जात आहे वेळ किती वाजली आहे?,Marathi
क्या समय हुआ है?,Hindi
मौसम बहुत अच्छा है मौसम बहुत अच्छा है,Hindi
म बजार जाँदैछु,Nepali
वातावरणं रमणीयं अस्ति,Sanskrit
कियद्वेला जाता? अहं विद्यालयं गच्छामि,Sanskrit
भारतः महान् देशः अस्ति,Sanskrit
मौसम बहुत अच्छा है तुम कैसे हो?,Hindi
भारत एक महान देश आहे,Marathi
मुझे भूख लगी है,Hindi
तिमीलाई कस्तो छ? कति बजेको छ?,Nepali
क्या समय हुआ है?,Hindi
मम क्षुधा वर्तते कृपया साहाय्यं कुरुत,Sanskrit
वेळ किती वाजली आहे?,Marathi
हा एक सुंदर दिवस आहे,Marathi
भारत एक महान देश आहे मी बाजारात जात आहे,Marathi
म नेपाली सिक्दैछु,Nepali
ही पुस्तक खूप रंजक आहे,Marathi
मला भूक लागली आहे,Marathi
कृपया मलाई मद्दत गर,Nepali
कृपया मलाई मद्दत गर,Nepali
भारत एक महान देश हो कृपया मलाई मद्दत गर,Nepali
मी मराठी शिकत आहे,Marathi
मला भूक लागली आहे,Marathi
त्वं कथं असि?,Sanskrit
तू कसा आहेस? मी मराठी शिकत आहे,Marathi
हा एक सुंदर दिवस आहे,Marathi
यो पुस्तक धेरै रोचक छ,Nepali
अहं विद्यालयं गच्छामि,Sanskrit
हा एक सुंदर दिवस आहे भारत एक महान देश आहे,Marathi
म बजार जाँदैछु,Nepali
यो पुस्तक धेरै रोचक छ,Nepali
वातावरणं रमणीयं अस्ति,Sanskrit
भारत एक महान देश आहे भारत एक महान देश आहे,Marathi
यो एक सुन्दर दिन हो म नेपाली सिक्दैछु,Nepali
अहं संस्कृतं पठामि,Sanskrit
म नेपाली सिक्दैछु तिमीलाई कस्तो छ?,Nepali
मुझे भूख लगी है,Hindi
म नेपाली सिक्दैछु,Nepali
मुझे भूख लगी है,Hindi
त्वं कथं असि? कियद्वेला जाता?,Sanskrit
मौसम बहुत अच्छा है,Hindi
यह एक सुंदर दिन है,Hindi
तिमीलाई कस्तो छ?,Nepali
अहं संस्कृतं पठामि,Sanskrit
यो एक सुन्दर दिन हो,Nepali
कृपया साहाय्यं कुरुत,Sanskrit
कृपया मेरी मदद करें,Hindi
मुझे भूख लगी है मुझे भूख लगी है,Hindi
एषः सुंदरः दिवसः अस्ति,Sanskrit
तू कसा आहेस?,Marathi
यह एक सुंदर दिन है,Hindi
हा एक सुंदर दिवस आहे कृपया माझी मदत करा,Marathi
मैं हिंदी सीख रहा हूँ यह एक सुंदर दिन है,Hindi
म भोक लागेको छु,Nepali
मला भूक लागली आहे,Marathi
हा एक सुंदर दिवस आहे,Marathi
एषा पुस्तिका रोचकं अस्ति भारतः महान् देशः अस्ति,Sanskrit
म बजार जाँदैछु,Nepali
क्या समय हुआ है?,Hindi
भारतः महान् देशः अस्ति त्वं कथं असि?,Sanskrit
यह एक सुंदर दिन है,Hindi
यह एक सुंदर दिन है,Hindi
वातावरणं रमणीयं अस्ति,Sanskrit
वातावरणं रमणीयं अस्ति,Sanskrit
हा एक सुंदर दिवस आहे मी बाजारात जात आहे,Marathi
एषः सुंदरः दिवसः अस्ति,Sanskrit
भारत एक महान देश है मैं बाजार जा रहा हूँ,Hindi
म बजार जाँदैछु यो पुस्तक धेरै रोचक छ,Nepali
यो पुस्तक धेरै रोचक छ,Nepali
तिमीलाई कस्तो छ?,Nepali
यो एक सुन्दर दिन हो म बजार जाँदैछु,Nepali
कृपया माझी मदत करा कृपया माझी मदत करा,Marathi
कति बजेको छ?,Nepali
मौसम बहुत अच्छा है भारत एक महान देश है,Hindi
मी मराठी शिकत आहे हवामान खूप छान आहे,Marathi
एषः सुंदरः दिवसः अस्ति,Sanskrit
अहं संस्कृतं पठामि,Sanskrit
यो एक सुन्दर दिन हो मौसम धेरै राम्रो छ,Nepali
भारतः महान् देशः अस्ति भारतः महान् देशः अस्ति,Sanskrit
भारतः महान् देशः अस्ति अहं संस्कृतं पठामि,Sanskrit
मौसम धेरै राम्रो छ,Nepali
मुझे भूख लगी है,Hindi
वातावरणं रमणीयं अस्ति,Sanskrit
तिमीलाई कस्तो छ?,Nepali
यह एक सुंदर दिन है,Hindi
अहं विद्यालयं गच्छामि,Sanskrit
म भोक लागेको छु,Nepali
यह पुस्तक बहुत रोचक है भारत एक महान देश है,Hindi
मौसम धेरै राम्रो छ,Nepali
यो पुस्तक धेरै रोचक छ,Nepali
म भोक लागेको छु,Nepali
यह एक सुंदर दिन है तुम कैसे हो?,Hindi
मुझे भूख लगी है,Hindi
कृपया मलाई मद्दत गर,Nepali
कृपया माझी मदत करा,Marathi
भारत एक महान देश हो कति बजेको छ?,Nepali
कृपया मेरी मदद करें,Hindi
भारतः महान् देशः अस्ति,Sanskrit
यो पुस्तक धेरै रोचक छ,Nepali
कृपया माझी मदत करा,Marathi
मौसम बहुत अच्छा है,Hindi
वातावरणं रमणीयं अस्ति,Sanskrit
मौसम बहुत अच्छा है तुम कैसे हो?,Hindi
ही पुस्तक खूप रंजक आहे,Marathi
भारत एक महान देश आहे,Marathi
कृपया मेरी मदद करें मैं बाजार जा रहा हूँ,Hindi
तू कसा आहेस?,Marathi
यह पुस्तक बहुत रोचक है,Hindi
वातावरणं रमणीयं अस्ति,Sanskrit
मी मराठी शिकत आहे,Marathi
म बजार जाँदैछु,Nepali
तिमीलाई कस्तो छ? यो एक सुन्दर दिन हो,Nepali
भारत एक महान देश हो,Nepali
हवामान खूप छान आहे,Marathi
यो एक सुन्दर दिन हो,Nepali
यह पुस्तक बहुत रोचक है,Hindi
यह पुस्तक बहुत रोचक है मौसम बहुत अच्छा है,Hindi
मी बाजारात जात आहे,Marathi
मौसम बहुत अच्छा है,Hindi
यो पुस्तक धेरै रोचक छ,Nepali
भारतः महान् देशः अस्ति कियद्वेला जाता?,Sanskrit
तुम कैसे हो?,Hindi
मौसम धेरै राम्रो छ भारत एक महान देश हो,Nepali
क्या समय हुआ है?,Hindi
मी बाजारात जात आहे,Marathi
एषा पुस्तिका रोचकं अस्ति,Sanskrit
कृपया साहाय्यं कुरुत,Sanskrit
त्वं कथं असि?,Sanskrit
भारत एक महान देश है यह एक सुंदर दिन है,Hindi
यह पुस्तक बहुत रोचक है मैं हिंदी सीख रहा हूँ,Hindi
तुम कैसे हो? मुझे भूख लगी है,Hindi
तिमीलाई कस्तो छ?,Nepali
मम क्षुधा वर्तते,Sanskrit
क्या समय हुआ है?,Hindi
एषः सुंदरः दिवसः अस्ति,Sanskrit
हवामान खूप छान आहे,Marathi
मी बाजारात जात आहे,Marathi
कृपया मलाई मद्दत गर,Nepali
मला भूक लागली आहे तू कसा आहेस?,Marathi
मी बाजारात जात आहे,Marathi
यह एक सुंदर दिन है क्या समय हुआ है?,Hindi
म भोक लागेको छु,Nepali
म बजार जाँदैछु कति बजेको छ?,Nepali
भारत एक महान देश है,Hindi
कियद्वेला जाता?,Sanskrit
भारत एक महान देश आहे भारत एक महान देश आहे,Marathi
भारत एक महान देश है तुम कैसे हो?,Hindi
हवामान खूप छान आहे,Marathi
एषा पुस्तिका रोचकं अस्ति,Sanskrit
कृपया मेरी मदद करें,Hindi
अहं संस्कृतं पठामि,Sanskrit
कृपया साहाय्यं कुरुत भारतः महान् देशः अस्ति,Sanskrit
वातावरणं रमणीयं अस्ति,Sanskrit
यो पुस्तक धेरै रोचक छ,Nepali
भारत एक महान देश आहे,Marathi
अहं विद्यालयं गच्छामि,Sanskrit
कति बजेको छ?,Nepali
कृपया मेरी मदद करें,Hindi
मैं हिंदी सीख रहा हूँ,Hindi
हा एक सुंदर दिवस आहे,Marathi
म भोक लागेको छु,Nepali
यो एक सुन्दर दिन हो,Nepali
कियद्वेला जाता? अहं विद्यालयं गच्छामि,Sanskrit
ही पुस्तक खूप रंजक आहे,Marathi
मौसम बहुत अच्छा है,Hindi
कियद्वेला जाता?,Sanskrit
मौसम धेरै राम्रो छ कति बजेको छ?,Nepali
भारत एक महान देश आहे,Marathi
भारत एक महान देश आहे,Marathi
म नेपाली सिक्दैछु,Nepali
भारत एक महान देश है मैं हिंदी सीख रहा हूँ,Hindi
तू कसा आहेस?,Marathi
क्या समय हुआ है?,Hindi
मैं हिंदी सीख रहा हूँ,Hindi
भारत एक महान देश है,Hindi
मी बाजारात जात आहे,Marathi
मी बाजारात जात आहे,Marathi
भारत एक महान देश आहे,Marathi
यह पुस्तक बहुत रोचक है,Hindi
भारत एक महान देश है,Hindi
हा एक सुंदर दिवस आहे,Marathi
मी मराठी शिकत आहे,Marathi
भारत एक महान देश है मौसम बहुत अच्छा है,Hindi
मी बाजारात जात आहे तू कसा आहेस?,Marathi
तू कसा आहेस?,Marathi
भारत एक महान देश है मुझे भूख लगी है,Hindi
भारत एक महान देश है,Hindi
मैं बाजार जा रहा हूँ,Hindi
भारत एक महान देश है मुझे भूख लगी है,Hindi
वातावरणं रमणीयं अस्ति,Sanskrit
हा एक सुंदर दिवस आहे,Marathi
वेळ किती वाजली आहे?,Marathi
यह एक सुंदर दिन है,Hindi
एषा पुस्तिका रोचकं अस्ति,Sanskrit
भारत एक महान देश हो,Nepali
म बजार जाँदैछु,Nepali
मुझे भूख लगी है क्या समय हुआ है?,Hindi
तुम कैसे हो?,Hindi
भारत एक महान देश आहे मी मराठी शिकत आहे,Marathi
भारत एक महान देश हो,Nepali
अहं संस्कृतं पठामि,Sanskrit
कृपया मलाई मद्दत गर,Nepali
यह एक सुंदर दिन है,Hindi
ही पुस्तक खूप रंजक आहे,Marathi
एषा पुस्तिका रोचकं अस्ति,Sanskrit
भारत एक महान देश आहे,Marathi
मैं हिंदी सीख रहा हूँ,Hindi
भारत एक महान देश हो,Nepali
मम क्षुधा वर्तते कियद्वेला जाता?,Sanskrit
तुम कैसे हो?,Hindi
अहं विद्यालयं गच्छामि,Sanskrit
मैं बाजार जा रहा हूँ मैं बाजार जा रहा हूँ,Hindi
त्वं कथं असि? मम क्षुधा वर्तते,Sanskrit
कियद्वेला जाता? अहं संस्कृतं पठामि,Sanskrit
त्वं कथं असि?,Sanskrit
वातावरणं रमणीयं अस्ति,Sanskrit
अहं विद्यालयं गच्छामि एषः सुंदरः दिवसः अस्ति,Sanskrit
मौसम बहुत अच्छा है,Hindi
एषा पुस्तिका रोचकं अस्ति,Sanskrit
मुझे भूख लगी है,Hindi
भारत एक महान देश है मैं बाजार जा रहा हूँ,Hindi
एषा पुस्तिका रोचकं अस्ति,Sanskrit
यो एक सुन्दर दिन हो,Nepali
म नेपाली सिक्दैछु,Nepali
एषा पुस्तिका रोचकं अस्ति,Sanskrit
वातावरणं रमणीयं अस्ति,Sanskrit
यह एक सुंदर दिन है,Hindi
कृपया मलाई मद्दत गर,Nepali
वेळ किती वाजली आहे?,Marathi
हा एक सुंदर दिवस आहे,Marathi
म नेपाली सिक्दैछु,Nepali
कृपया मेरी मदद करें,Hindi
कृपया मेरी मदद करें,Hindi
भारतः महान् देशः अस्ति,Sanskrit
वातावरणं रमणीयं अस्ति,Sanskrit
मला भूक लागली आहे,Marathi
मी बाजारात जात आहे,Marathi
मैं हिंदी सीख रहा हूँ,Hindi
ही पुस्तक खूप रंजक आहे,Marathi
भारत एक महान देश है,Hindi
म नेपाली सिक्दैछु,Nepali
कृपया मलाई मद्दत गर कति बजेको छ?,Nepali
मैं बाजार जा रहा हूँ,Hindi
अहं विद्यालयं गच्छामि मम क्षुधा वर्तते,Sanskrit
ही पुस्तक खूप रंजक आहे,Marathi
मुझे भूख लगी है मुझे भूख लगी है,Hindi
तू कसा आहेस?,Marathi
तुम कैसे हो? कृपया मेरी मदद करें,Hindi
म भोक लागेको छु,Nepali
मौसम बहुत अच्छा है,Hindi
म भोक लागेको छु मौसम धेरै राम्रो छ,Nepali
वेळ किती वाजली आहे?,Marathi
यह एक सुंदर दिन है,Hindi
यो पुस्तक धेरै रोचक छ कति बजेको छ?,Nepali
भारतः महान् देशः अस्ति,Sanskrit
त्वं कथं असि? एषः सुंदरः दिवसः अस्ति,Sanskrit
यह एक सुंदर दिन है,Hindi
मौसम धेरै राम्रो छ,Nepali
अहं संस्कृतं पठामि अहं संस्कृतं पठामि,Sanskrit
म बजार जाँदैछु,Nepali
मौसम बहुत अच्छा है,Hindi
मुझे भूख लगी है,Hindi
अहं विद्यालयं गच्छामि,Sanskrit
भारत एक महान देश आहे,Marathi
मम क्षुधा वर्तते मम क्षुधा वर्तते,Sanskrit
यो पुस्तक धेरै रोचक छ मौसम धेरै राम्रो छ,Nepali
अहं विद्यालयं गच्छामि,Sanskrit
हा एक सुंदर दिवस आहे,Marathi
हवामान खूप छान आहे,Marathi
अहं विद्यालयं गच्छामि,Sanskrit
मी मराठी शिकत आहे,Marathi
मम क्षुधा वर्तते कृपया साहाय्यं कुरुत,Sanskrit
म भोक लागेको छु,Nepali
कति बजेको छ? म नेपाली सिक्दैछु,Nepali
म नेपाली सिक्दैछु,Nepali
त्वं कथं असि?,Sanskrit
मी मराठी शिकत आहे,Marathi
मैं हिंदी सीख रहा हूँ,Hindi
मौसम धेरै राम्रो छ म नेपाली सिक्दैछु,Nepali
यह पुस्तक बहुत रोचक है,Hindi
मी मराठी शिकत आहे,Marathi
अहं विद्यालयं गच्छामि,Sanskrit
म भोक लागेको छु भारत एक महान देश हो,Nepali
वेळ किती वाजली आहे?,Marathi
यह एक सुंदर दिन है तुम कैसे हो?,Hindi
कियद्वेला जाता?,Sanskrit
अहं विद्यालयं गच्छामि मम क्षुधा वर्तते,Sanskrit
तिमीलाई कस्तो छ? यो एक सुन्दर दिन हो,Nepali
तुम कैसे हो?,Hindi
अहं संस्कृतं पठामि,Sanskrit
म बजार जाँदैछु,Nepali
भारत एक महान देश हो,Nepali
अहं विद्यालयं गच्छामि,Sanskrit
यह एक सुंदर दिन है,Hindi
मी बाजारात जात आहे,Marathi
भारतः महान् देशः अस्ति एषः सुंदरः दिवसः अस्ति,Sanskrit
वातावरणं रमणीयं अस्ति एषः सुंदरः दिवसः अस्ति,Sanskrit
यह एक सुंदर दिन है,Hindi
यह एक सुंदर दिन है,Hindi
भारत एक महान देश है,Hindi
कृपया मेरी मदद करें,Hindi
वातावरणं रमणीयं अस्ति त्वं कथं असि?,Sanskrit
म नेपाली सिक्दैछु,Nepali
मला भूक लागली आहे हवामान खूप छान आहे,Marathi
क्या समय हुआ है? मैं बाजार जा रहा हूँ,Hindi
भारत एक महान देश है,Hindi
म भोक लागेको छु,Nepali
तुम कैसे हो?,Hindi
कृपया मेरी मदद करें,Hindi
भारत एक महान देश आहे,Marathi
ही पुस्तक खूप रंजक आहे मला भूक लागली आहे,Marathi
हा एक सुंदर दिवस आहे,Marathi
ही पुस्तक खूप रंजक आहे,Marathi
भारत एक महान देश हो,Nepali
कृपया साहाय्यं कुरुत भारतः महान् देशः अस्ति,Sanskrit
कृपया साहाय्यं कुरुत,Sanskrit
एषः सुंदरः दिवसः अस्ति वातावरणं रमणीयं अस्ति,Sanskrit
म नेपाली सिक्दैछु,Nepali
त्वं कथं असि? त्वं कथं असि?,Sanskrit
यो एक सुन्दर दिन हो तिमीलाई कस्तो छ?,Nepali
मौसम बहुत अच्छा है मुझे भूख लगी है,Hindi
अहं संस्कृतं पठामि,Sanskrit
यो पुस्तक धेरै रोचक छ यो एक सुन्दर दिन हो,Nepali
मुझे भूख लगी है मौसम बहुत अच्छा है,Hindi
वेळ किती वाजली आहे?,Marathi
मैं हिंदी सीख रहा हूँ,Hindi
ही पुस्तक खूप रंजक आहे,Marathi
मैं बाजार जा रहा हूँ,Hindi
एषः सुंदरः दिवसः अस्ति,Sanskrit
भारत एक महान देश है यह एक सुंदर दिन है,Hindi
यो एक सुन्दर दिन हो,Nepali
तू कसा आहेस? तू कसा आहेस?,Marathi
यह पुस्तक बहुत रोचक है,Hindi
तू कसा आहेस?,Marathi
यह एक सुंदर दिन है कृपया मेरी मदद करें,Hindi
भारत एक महान देश आहे,Marathi
भारत एक महान देश हो,Nepali
म बजार जाँदैछु यो पुस्तक धेरै रोचक छ,Nepali
कृपया माझी मदत करा मी बाजारात जात आहे,Marathi
म नेपाली सिक्दैछु,Nepali
अहं विद्यालयं गच्छामि कियद्वेला जाता?,Sanskrit
मी मराठी शिकत आहे,Marathi
एषा पुस्तिका रोचकं अस्ति,Sanskrit
हवामान खूप छान आहे,Marathi
मैं हिंदी सीख रहा हूँ,Hindi
त्वं कथं असि?,Sanskrit
मी मराठी शिकत आहे मी मराठी शिकत आहे,Marathi
कृपया माझी मदत करा वेळ किती वाजली आहे?,Marathi
म बजार जाँदैछु म नेपाली सिक्दैछु,Nepali
यो पुस्तक धेरै रोचक छ,Nepali
म नेपाली सिक्दैछु म बजार जाँदैछु,Nepali
कियद्वेला जाता?,Sanskrit
वेळ किती वाजली आहे? मला भूक लागली आहे,Marathi
यो पुस्तक धेरै रोचक छ भारत एक महान देश हो,Nepali
एषः सुंदरः दिवसः अस्ति,Sanskrit
अहं विद्यालयं गच्छामि,Sanskrit
ही पुस्तक खूप रंजक आहे भारत एक महान देश आहे,Marathi
यह एक सुंदर दिन है तुम कैसे हो?,Hindi
अहं संस्कृतं पठामि कृपया साहाय्यं कुरुत,Sanskrit
हा एक सुंदर दिवस आहे,Marathi
कृपया साहाय्यं कुरुत,Sanskrit
कृपया मेरी मदद करें यह पुस्तक बहुत रोचक है,Hindi
यह एक सुंदर दिन है,Hindi
यो पुस्तक धेरै रोचक छ,Nepali
कृपया साहाय्यं कुरुत,Sanskrit
भारत एक महान देश है,Hindi
अहं विद्यालयं गच्छामि,Sanskrit
मैं हिंदी सीख रहा हूँ,Hindi
मैं हिंदी सीख रहा हूँ,Hindi
वेळ किती वाजली आहे? हा एक सुंदर दिवस आहे,Marathi
कति बजेको छ?,Nepali
भारत एक महान देश है,Hindi
एषा पुस्तिका रोचकं अस्ति अहं संस्कृतं पठामि,Sanskrit
कृपया मलाई मद्दत गर,Nepali
कति बजेको छ?,Nepali
यो एक सुन्दर दिन हो,Nepali
भारत एक महान देश हो,Nepali
कियद्वेला जाता? मम क्षुधा वर्तते,Sanskrit
मैं हिंदी सीख रहा हूँ,Hindi
कति बजेको छ?,Nepali
भारत एक महान देश आहे,Marathi
मैं हिंदी सीख रहा हूँ,Hindi
कियद्वेला जाता? एषा पुस्तिका रोचकं अस्ति,Sanskrit
कृपया मलाई मद्दत गर,Nepali
भारत एक महान देश है,Hindi
कियद्वेला जाता? एषः सुंदरः दिवसः अस्ति,Sanskrit
मी बाजारात जात आहे,Marathi
ही पुस्तक खूप रंजक आहे,Marathi
अहं विद्यालयं गच्छामि,Sanskrit
मौसम धेरै राम्रो छ,Nepali
हवामान खूप छान आहे,Marathi
मुझे भूख लगी है,Hindi
तिमीलाई कस्तो छ? म नेपाली सिक्दैछु,Nepali
कति बजेको छ?,Nepali
यो एक सुन्दर दिन हो कति बजेको छ?,Nepali
मैं हिंदी सीख रहा हूँ,Hindi
मम क्षुधा वर्तते भारतः महान् देशः अस्ति,Sanskrit
एषः सुंदरः दिवसः अस्ति कृपया साहाय्यं कुरुत,Sanskrit
क्या समय हुआ है? क्या समय हुआ है?,Hindi
मैं हिंदी सीख रहा हूँ,Hindi
कृपया माझी मदत करा,Marathi
भारतः महान् देशः अस्ति,Sanskrit
ही पुस्तक खूप रंजक आहे,Marathi
वेळ किती वाजली आहे?,Marathi
कति बजेको छ?,Nepali
वेळ किती वाजली आहे?,Marathi
मैं बाजार जा रहा हूँ भारत एक महान देश है,Hindi
हवामान खूप छान आहे,Marathi
भारत एक महान देश हो,Nepali
मी बाजारात जात आहे मी मराठी शिकत आहे,Marathi
अहं विद्यालयं गच्छामि अहं संस्कृतं पठामि,Sanskrit
भारत एक महान देश आहे तू कसा आहेस?,Marathi
क्या समय हुआ है? कृपया मेरी मदद करें,Hindi
भारतः महान् देशः अस्ति,Sanskrit
तुम कैसे हो?,Hindi
तिमीलाई कस्तो छ? कृपया मलाई मद्दत गर,Nepali
मैं बाजार जा रहा हूँ,Hindi
यह पुस्तक बहुत रोचक है,Hindi
यह पुस्तक बहुत रोचक है,Hindi
मैं हिंदी सीख रहा हूँ,Hindi
मम क्षुधा वर्तते कियद्वेला जाता?,Sanskrit
ही पुस्तक खूप रंजक आहे,Marathi
तिमीलाई कस्तो छ?,Nepali
तिमीलाई कस्तो छ? म नेपाली सिक्दैछु,Nepali
म बजार जाँदैछु,Nepali
भारत एक महान देश हो,Nepali
क्या समय हुआ है?,Hindi
मौसम धेरै राम्रो छ,Nepali
म भोक लागेको छु यो पुस्तक धेरै रोचक छ,Nepali
भारतः महान् देशः अस्ति एषः सुंदरः दिवसः अस्ति,Sanskrit
त्वं कथं असि?,Sanskrit
म भोक लागेको छु,Nepali
कृपया मलाई मद्दत गर यो पुस्तक धेरै रोचक छ,Nepali
म नेपाली सिक्दैछु,Nepali
भारतः महान् देशः अस्ति,Sanskrit
कति बजेको छ?,Nepali
अहं संस्कृतं पठामि,Sanskrit
मी मराठी शिकत आहे भारत एक महान देश आहे,Marathi
मी मराठी शिकत आहे भारत एक महान देश आहे,Marathi
मौसम धेरै राम्रो छ म बजार जाँदैछु,Nepali
मी बाजारात जात आहे ही पुस्तक खूप रंजक आहे,Marathi
क्या समय हुआ है?,Hindi
भारत एक महान देश हो यो एक सुन्दर दिन हो,Nepali
यह पुस्तक बहुत रोचक है भारत एक महान देश है,Hindi
अहं संस्कृतं पठामि,Sanskrit
यह एक सुंदर दिन है क्या समय हुआ है?,Hindi
ही पुस्तक खूप रंजक आहे वेळ किती वाजली आहे?,Marathi
हा एक सुंदर दिवस आहे,Marathi
कृपया मेरी मदद करें,Hindi
मला भूक लागली आहे मी मराठी शिकत आहे,Marathi
त्वं कथं असि?,Sanskrit
अहं संस्कृतं पठामि भारतः महान् देशः अस्ति,Sanskrit
यह पुस्तक बहुत रोचक है,Hindi
हवामान खूप छान आहे,Marathi
कति बजेको छ? मौसम धेरै राम्रो छ,Nepali
क्या समय हुआ है?,Hindi
मैं बाजार जा रहा हूँ मैं बाजार जा रहा हूँ,Hindi
भारतः महान् देशः अस्ति,Sanskrit
वातावरणं रमणीयं अस्ति,Sanskrit
मी बाजारात जात आहे,Marathi
म भोक लागेको छु,Nepali
यह एक सुंदर दिन है मौसम बहुत अच्छा है,Hindi
एषः सुंदरः दिवसः अस्ति,Sanskrit
मैं बाजार जा रहा हूँ मैं हिंदी सीख रहा हूँ,Hindi
भारत एक महान देश हो भारत एक महान देश हो,Nepali
भारतः महान् देशः अस्ति एषः सुंदरः दिवसः अस्ति,Sanskrit
यो पुस्तक धेरै रोचक छ,Nepali
तुम कैसे हो? मौसम बहुत अच्छा है,Hindi
मौसम धेरै राम्रो छ तिमीलाई कस्तो छ?,Nepali
मी मराठी शिकत आहे,Marathi
मला भूक लागली आहे,Marathi
भारत एक महान देश हो यो पुस्तक धेरै रोचक छ,Nepali
म बजार जाँदैछु,Nepali
भारतः महान् देशः अस्ति,Sanskrit
मी मराठी शिकत आहे,Marathi
मम क्षुधा वर्तते,Sanskrit
मैं बाजार जा रहा हूँ,Hindi
ही पुस्तक खूप रंजक आहे,Marathi
त्वं कथं असि?,Sanskrit
अहं विद्यालयं गच्छामि वातावरणं रमणीयं अस्ति,Sanskrit
मम क्षुधा वर्तते,Sanskrit
कृपया माझी मदत करा,Marathi
कृपया मेरी मदद करें,Hindi
एषः सुंदरः दिवसः अस्ति,Sanskrit
भारतः महान् देशः अस्ति कियद्वेला जाता?,Sanskrit
कति बजेको छ? म भोक लागेको छु,Nepali
यो एक सुन्दर दिन हो,Nepali
एषा पुस्तिका रोचकं अस्ति मम क्षुधा वर्तते,Sanskrit
एषा पुस्तिका रोचकं अस्ति,Sanskrit
मी बाजारात जात आहे,Marathi
एषः सुंदरः दिवसः अस्ति,Sanskrit
मैं बाजार जा रहा हूँ,Hindi
मुझे भूख लगी है,Hindi
त्वं कथं असि?,Sanskrit
कति बजेको छ?,Nepali
कियद्वेला जाता? अहं विद्यालयं गच्छामि,Sanskrit
मी मराठी शिकत आहे,Marathi
यो एक सुन्दर दिन हो,Nepali
तिमीलाई कस्तो छ?,Nepali
भारत एक महान देश हो,Nepali
कृपया माझी मदत करा,Marathi
म बजार जाँदैछु,Nepali
यो एक सुन्दर दिन हो,Nepali
वातावरणं रमणीयं अस्ति,Sanskrit
क्या समय हुआ है?,Hindi
भारतः महान् देशः अस्ति,Sanskrit
कृपया मलाई मद्दत गर यो एक सुन्दर दिन हो,Nepali
म नेपाली सिक्दैछु,Nepali
मैं बाजार जा रहा हूँ,Hindi
कृपया मलाई मद्दत गर,Nepali
मैं हिंदी सीख रहा हूँ,Hindi
मला भूक लागली आहे,Marathi
म भोक लागेको छु मौसम धेरै राम्रो छ,Nepali
वातावरणं रमणीयं अस्ति,Sanskrit
वेळ किती वाजली आहे?,Marathi
हवामान खूप छान आहे हवामान खूप छान आहे,Marathi
यह एक सुंदर दिन है मैं हिंदी सीख रहा हूँ,Hindi
हा एक सुंदर दिवस आहे,Marathi
वातावरणं रमणीयं अस्ति,Sanskrit
भारत एक महान देश हो कति बजेको छ?,Nepali
कति बजेको छ? यो पुस्तक धेरै रोचक छ,Nepali
म नेपाली सिक्दैछु,Nepali
एषः सुंदरः दिवसः अस्ति कृपया साहाय्यं कुरुत,Sanskrit
एषः सुंदरः दिवसः अस्ति,Sanskrit
तुम कैसे हो? यह पुस्तक बहुत रोचक है,Hindi
मम क्षुधा वर्तते एषः सुंदरः दिवसः अस्ति,Sanskrit
मम क्षुधा वर्तते,Sanskrit
मुझे भूख लगी है कृपया मेरी मदद करें,Hindi
मैं बाजार जा रहा हूँ मैं बाजार जा रहा हूँ,Hindi
ही पुस्तक खूप रंजक आहे मला भूक लागली आहे,Marathi
म भोक लागेको छु,Nepali
मैं बाजार जा रहा हूँ,Hindi
एषा पुस्तिका रोचकं अस्ति,Sanskrit
कृपया माझी मदत करा ही पुस्तक खूप रंजक आहे,Marathi
भारत एक महान देश आहे,Marathi
मुझे भूख लगी है,Hindi
कृपया साहाय्यं कुरुत,Sanskrit
वातावरणं रमणीयं अस्ति,Sanskrit
यो पुस्तक धेरै रोचक छ,Nepali
यो पुस्तक धेरै रोचक छ,Nepali
मैं बाजार जा रहा हूँ,Hindi
क्या समय हुआ है?,Hindi
मी मराठी शिकत आहे,Marathi
अहं विद्यालयं गच्छामि,Sanskrit
म नेपाली सिक्दैछु,Nepali
भारत एक महान देश है मैं हिंदी सीख रहा हूँ,Hindi
अहं संस्कृतं पठामि,Sanskrit
मौसम धेरै राम्रो छ,Nepali
मी मराठी शिकत आहे,Marathi
यह पुस्तक बहुत रोचक है,Hindi
मौसम धेरै राम्रो छ म बजार जाँदैछु,Nepali
एषा पुस्तिका रोचकं अस्ति कृपया साहाय्यं कुरुत,Sanskrit
कियद्वेला जाता? कियद्वेला जाता?,Sanskrit
भारत एक महान देश आहे भारत एक महान देश आहे,Marathi
वातावरणं रमणीयं अस्ति,Sanskrit
यह पुस्तक बहुत रोचक है,Hindi
वातावरणं रमणीयं अस्ति मम क्षुधा वर्तते,Sanskrit
अहं विद्यालयं गच्छामि एषः सुंदरः दिवसः अस्ति,Sanskrit
कृपया साहाय्यं कुरुत एषा पुस्तिका रोचकं अस्ति,Sanskrit
भारत एक महान देश आहे,Marathi
अहं विद्यालयं गच्छामि,Sanskrit
एषः सुंदरः दिवसः अस्ति वातावरणं रमणीयं अस्ति,Sanskrit
यो पुस्तक धेरै रोचक छ,Nepali
कृपया साहाय्यं कुरुत,Sanskrit
मौसम धेरै राम्रो छ कति बजेको छ?,Nepali
मौसम बहुत अच्छा है,Hindi
एषः सुंदरः दिवसः अस्ति अहं विद्यालयं गच्छामि,Sanskrit
कृपया मेरी मदद करें क्या समय हुआ है?,Hindi
कति बजेको छ?,Nepali
मी मराठी शिकत आहे,Marathi
कियद्वेला जाता?,Sanskrit
मला भूक लागली आहे मी बाजारात जात आहे,Marathi
कृपया साहाय्यं कुरुत,Sanskrit
कति बजेको छ? म बजार जाँदैछु,Nepali
ही पुस्तक खूप रंजक आहे ही पुस्तक खूप रंजक आहे,Marathi
मला भूक लागली आहे मला भूक लागली आहे,Marathi
म बजार जाँदैछु,Nepali
अहं संस्कृतं पठामि त्वं कथं असि?,Sanskrit
म भोक लागेको छु म बजार जाँदैछु,Nepali
एषः सुंदरः दिवसः अस्ति अहं संस्कृतं पठामि,Sanskrit
मला भूक लागली आहे,Marathi
यह पुस्तक बहुत रोचक है,Hindi
यह पुस्तक बहुत रोचक है कृपया मेरी मदद करें,Hindi
त्वं कथं असि?,Sanskrit
मम क्षुधा वर्तते,Sanskrit
कृपया मलाई मद्दत गर,Nepali
वातावरणं रमणीयं अस्ति,Sanskrit
म भोक लागेको छु,Nepali
कृपया माझी मदत करा ही पुस्तक खूप रंजक आहे,Marathi
भारतः महान् देशः अस्ति,Sanskrit
मैं हिंदी सीख रहा हूँ,Hindi
मला भूक लागली आहे,Marathi
म बजार जाँदैछु,Nepali
तू कसा आहेस? कृपया माझी मदत करा,Marathi
म बजार जाँदैछु,Nepali
अहं संस्कृतं पठामि,Sanskrit
भारत एक महान देश हो,Nepali
एषा पुस्तिका रोचकं अस्ति,Sanskrit
तू कसा आहेस?,Marathi
म भोक लागेको छु,Nepali
मौसम धेरै राम्रो छ यो एक सुन्दर दिन हो,Nepali
एषा पुस्तिका रोचकं अस्ति,Sanskrit
मौसम धेरै राम्रो छ,Nepali
क्या समय हुआ है? भारत एक महान देश है,Hindi
एषः सुंदरः दिवसः अस्ति,Sanskrit
मैं बाजार जा रहा हूँ,Hindi
भारत एक महान देश हो म बजार जाँदैछु,Nepali
मी बाजारात जात आहे,Marathi
कृपया मेरी मदद करें क्या समय हुआ है?,Hindi
मुझे भूख लगी है,Hindi
एषः सुंदरः दिवसः अस्ति,Sanskrit
तुम कैसे हो?,Hindi
यह एक सुंदर दिन है,Hindi
कृपया मलाई मद्दत गर म नेपाली सिक्दैछु,Nepali
एषा पुस्तिका रोचकं अस्ति,Sanskrit
मौसम धेरै राम्रो छ मौसम धेरै राम्रो छ,Nepali
ही पुस्तक खूप रंजक आहे ही पुस्तक खूप रंजक आहे,Marathi
मुझे भूख लगी है कृपया मेरी मदद करें,Hindi
कियद्वेला जाता?,Sanskrit
वेळ किती वाजली आहे?,Marathi
मैं हिंदी सीख रहा हूँ यह एक सुंदर दिन है,Hindi
क्या समय हुआ है?,Hindi
भारत एक महान देश हो,Nepali
अहं विद्यालयं गच्छामि,Sanskrit
ही पुस्तक खूप रंजक आहे भारत एक महान देश आहे,Marathi
म नेपाली सिक्दैछु,Nepali
मैं हिंदी सीख रहा हूँ,Hindi
कृपया माझी मदत करा,Marathi
मैं हिंदी सीख रहा हूँ,Hindi
अहं संस्कृतं पठामि,Sanskrit
वेळ किती वाजली आहे? वेळ किती वाजली आहे?,Marathi
अहं विद्यालयं गच्छामि अहं संस्कृतं पठामि,Sanskrit
यह पुस्तक बहुत रोचक है कृपया मेरी मदद करें,Hindi
मम क्षुधा वर्तते,Sanskrit
म बजार जाँदैछु कृपया मलाई मद्दत गर,Nepali
मी बाजारात जात आहे मी मराठी शिकत आहे,Marathi
कृपया मलाई मद्दत गर म बजार जाँदैछु,Nepali
कृपया मेरी मदद करें,Hindi
तुम कैसे हो?,Hindi
यो पुस्तक धेरै रोचक छ,Nepali
अहं विद्यालयं गच्छामि एषा पुस्तिका रोचकं अस्ति,Sanskrit
क्या समय हुआ है? यह एक सुंदर दिन है,Hindi
भारत एक महान देश हो,Nepali
एषः सुंदरः दिवसः अस्ति कृपया साहाय्यं कुरुत,Sanskrit
म बजार जाँदैछु,Nepali
मौसम बहुत अच्छा है,Hindi
भारतः महान् देशः अस्ति,Sanskrit
तिमीलाई कस्तो छ?,Nepali
तिमीलाई कस्तो छ?,Nepali
हा एक सुंदर दिवस आहे,Marathi
क्या समय हुआ है?,Hindi
मी मराठी शिकत आहे,Marathi
मैं बाजार जा रहा हूँ,Hindi
यह एक सुंदर दिन है मैं बाजार जा रहा हूँ,Hindi
मैं बाजार जा रहा हूँ,Hindi
मी बाजारात जात आहे,Marathi
मी बाजारात जात आहे,Marathi
भारत एक महान देश आहे तू कसा आहेस?,Marathi
अहं संस्कृतं पठामि कियद्वेला जाता?,Sanskrit
मला भूक लागली आहे,Marathi
कति बजेको छ?,Nepali
कृपया साहाय्यं कुरुत,Sanskrit
तुम कैसे हो?,Hindi
यह एक सुंदर दिन है,Hindi
कृपया साहाय्यं कुरुत,Sanskrit
मी बाजारात जात आहे,Marathi
मी मराठी शिकत आहे,Marathi
मी मराठी शिकत आहे,Marathi
वेळ किती वाजली आहे? तू कसा आहेस?,Marathi
कृपया मलाई मद्दत गर म नेपाली सिक्दैछु,Nepali
कृपया माझी मदत करा,Marathi
अहं संस्कृतं पठामि,Sanskrit
वातावरणं रमणीयं अस्ति,Sanskrit
क्या समय हुआ है?,Hindi
म भोक लागेको छु यो एक सुन्दर दिन हो,Nepali
क्या समय हुआ है?,Hindi
तू कसा आहेस? हवामान खूप छान आहे,Marathi
तिमीलाई कस्तो छ?,Nepali
मी बाजारात जात आहे,Marathi
मम क्षुधा वर्तते,Sanskrit
भारत एक महान देश हो कृपया मलाई मद्दत गर,Nepali
भारत एक महान देश है,Hindi
एषा पुस्तिका रोचकं अस्ति एषा पुस्तिका रोचकं अस्ति,Sanskrit
कृपया मेरी मदद करें तुम कैसे हो?,Hindi
हवामान खूप छान आहे,Marathi
भारतः महान् देशः अस्ति एषा पुस्तिका रोचकं अस्ति,Sanskrit
मी मराठी शिकत आहे,Marathi
मला भूक लागली आहे,Marathi
भारत एक महान देश आहे,Marathi
तू कसा आहेस?,Marathi
एषः सुंदरः दिवसः अस्ति,Sanskrit
तुम कैसे हो?,Hindi
मैं हिंदी सीख रहा हूँ,Hindi
मैं बाजार जा रहा हूँ मौसम बहुत अच्छा है,Hindi
तिमीलाई कस्तो छ? कृपया मलाई मद्दत गर,Nepali
म बजार जाँदैछु यो एक सुन्दर दिन हो,Nepali
तिमीलाई कस्तो छ?,Nepali
भारत एक महान देश है,Hindi
यो एक सुन्दर दिन हो,Nepali
अहं संस्कृतं पठामि,Sanskrit
मुझे भूख लगी है,Hindi
म भोक लागेको छु,Nepali
वातावरणं रमणीयं अस्ति,Sanskrit
हवामान खूप छान आहे हा एक सुंदर दिवस आहे,Marathi
ही पुस्तक खूप रंजक आहे,Marathi
मैं हिंदी सीख रहा हूँ,Hindi
मौसम धेरै राम्रो छ,Nepali
अहं संस्कृतं पठामि कियद्वेला जाता?,Sanskrit
अहं विद्यालयं गच्छामि मम क्षुधा वर्तते,Sanskrit
तिमीलाई कस्तो छ?,Nepali
म बजार जाँदैछु,Nepali
एषः सुंदरः दिवसः अस्ति,Sanskrit
मैं हिंदी सीख रहा हूँ,Hindi
कृपया माझी मदत करा,Marathi
तुम कैसे हो?,Hindi
म बजार जाँदैछु,Nepali
ही पुस्तक खूप रंजक आहे,Marathi
अहं संस्कृतं पठामि,Sanskrit
यह पुस्तक बहुत रोचक है,Hindi
अहं संस्कृतं पठामि,Sanskrit
वेळ किती वाजली आहे?,Marathi
एषः सुंदरः दिवसः अस्ति मम क्षुधा वर्तते,Sanskrit
ही पुस्तक खूप रंजक आहे वेळ किती वाजली आहे?,Marathi
एषा पुस्तिका रोचकं अस्ति,Sanskrit
भारत एक महान देश आहे,Marathi
मैं बाजार जा रहा हूँ,Hindi
एषा पुस्तिका रोचकं अस्ति कियद्वेला जाता?,Sanskrit
मैं हिंदी सीख रहा हूँ,Hindi
अहं विद्यालयं गच्छामि,Sanskrit
कियद्वेला जाता? एषा पुस्तिका रोचकं अस्ति,Sanskrit
मैं हिंदी सीख रहा हूँ,Hindi
तिमीलाई कस्तो छ?,Nepali
मम क्षुधा वर्तते,Sanskrit
यह पुस्तक बहुत रोचक है,Hindi
वेळ किती वाजली आहे? वेळ किती वाजली आहे?,Marathi
त्वं कथं असि?,Sanskrit
वेळ किती वाजली आहे?,Marathi
अहं संस्कृतं पठामि,Sanskrit
एषः सुंदरः दिवसः अस्ति,Sanskrit
हा एक सुंदर दिवस आहे,Marathi
भारत एक महान देश हो,Nepali
भारत एक महान देश है मैं बाजार जा रहा हूँ,Hindi
हवामान खूप छान आहे वेळ किती वाजली आहे?,Marathi
क्या समय हुआ है? यह पुस्तक बहुत रोचक है,Hindi
त्वं कथं असि?,Sanskrit
म भोक लागेको छु,Nepali
वातावरणं रमणीयं अस्ति,Sanskrit
एषा पुस्तिका रोचकं अस्ति,Sanskrit
हा एक सुंदर दिवस आहे,Marathi
भारत एक महान देश है,Hindi
म नेपाली सिक्दैछु,Nepali
मौसम बहुत अच्छा है भारत एक महान देश है,Hindi
यो पुस्तक धेरै रोचक छ,Nepali
मैं बाजार जा रहा हूँ,Hindi
मैं बाजार जा रहा हूँ,Hindi
अहं संस्कृतं पठामि,Sanskrit
मला भूक लागली आहे ही पुस्तक खूप रंजक आहे,Marathi
क्या समय हुआ है?,Hindi
कृपया मेरी मदद करें यह एक सुंदर दिन है,Hindi
तू कसा आहेस?,Marathi
तुम कैसे हो? यह एक सुंदर दिन है,Hindi
हा एक सुंदर दिवस आहे,Marathi
भारतः महान् देशः अस्ति,Sanskrit
हा एक सुंदर दिवस आहे,Marathi
वेळ किती वाजली आहे? वेळ किती वाजली आहे?,Marathi
त्वं कथं असि? मम क्षुधा वर्तते,Sanskrit
वेळ किती वाजली आहे?,Marathi
कृपया माझी मदत करा,Marathi
कृपया माझी मदत करा ही पुस्तक खूप रंजक आहे,Marathi
भारतः महान् देशः अस्ति,Sanskrit
कियद्वेला जाता?,Sanskrit
कृपया साहाय्यं कुरुत,Sanskrit
तुम कैसे हो? कृपया मेरी मदद करें,Hindi
क्या समय हुआ है? यह पुस्तक बहुत रोचक है,Hindi
भारत एक महान देश हो,Nepali
मैं हिंदी सीख रहा हूँ,Hindi
कियद्वेला जाता?,Sanskrit
अहं संस्कृतं पठामि,Sanskrit
म भोक लागेको छु म नेपाली सिक्दैछु,Nepali
मैं हिंदी सीख रहा हूँ,Hindi
तिमीलाई कस्तो छ?,Nepali
एषा पुस्तिका रोचकं अस्ति,Sanskrit
तुम कैसे हो?,Hindi
म नेपाली सिक्दैछु,Nepali
कृपया मेरी मदद करें,Hindi
तू कसा आहेस?,Marathi
कृपया मलाई मद्दत गर कृपया मलाई मद्दत गर,Nepali
कियद्वेला जाता? मम क्षुधा वर्तते,Sanskrit
त्वं कथं असि? भारतः महान् देशः अस्ति,Sanskrit
म बजार जाँदैछु म भोक लागेको छु,Nepali
कियद्वेला जाता?,Sanskrit
तुम कैसे हो? भारत एक महान देश है,Hindi
मला भूक लागली आहे,Marathi
अहं संस्कृतं पठामि एषः सुंदरः दिवसः अस्ति,Sanskrit
मला भूक लागली आहे,Marathi
त्वं कथं असि?,Sanskrit
त्वं कथं असि?,Sanskrit
यह पुस्तक बहुत रोचक है,Hindi
मी मराठी शिकत आहे,Marathi
कति बजेको छ?,Nepali
वातावरणं रमणीयं अस्ति,Sanskrit
भारत एक महान देश हो यो एक सुन्दर दिन हो,Nepali
भारत एक महान देश है,Hindi
वेळ किती वाजली आहे?,Marathi
कृपया मेरी मदद करें,Hindi
क्या समय हुआ है?,Hindi
यह एक सुंदर दिन है,Hindi
तिमीलाई कस्तो छ?,Nepali
कृपया माझी मदत करा भारत एक महान देश आहे,Marathi
अहं विद्यालयं गच्छामि,Sanskrit
तिमीलाई कस्तो छ?,Nepali
मम क्षुधा वर्तते,Sanskrit
तिमीलाई कस्तो छ? म बजार जाँदैछु,Nepali
म भोक लागेको छु,Nepali
कति बजेको छ?,Nepali
हवामान खूप छान आहे भारत एक महान देश आहे,Marathi
म भोक लागेको छु,Nepali
भारतः महान् देशः अस्ति,Sanskrit
यो एक सुन्दर दिन हो,Nepali
क्या समय हुआ है? यह पुस्तक बहुत रोचक है,Hindi
यो एक सुन्दर दिन हो मौसम धेरै राम्रो छ,Nepali
हवामान खूप छान आहे,Marathi
मैं बाजार जा रहा हूँ,Hindi
म भोक लागेको छु,Nepali
मी मराठी शिकत आहे वेळ किती वाजली आहे?,Marathi
अहं विद्यालयं गच्छामि त्वं कथं असि?,Sanskrit
मला भूक लागली आहे,Marathi
यो पुस्तक धेरै रोचक छ म नेपाली सिक्दैछु,Nepali
यह पुस्तक बहुत रोचक है मैं बाजार जा रहा हूँ,Hindi
भारत एक महान देश है,Hindi
कियद्वेला जाता? कियद्वेला जाता?,Sanskrit
तिमीलाई कस्तो छ?,Nepali
त्वं कथं असि?,Sanskrit
म बजार जाँदैछु म बजार जाँदैछु,Nepali
मौसम बहुत अच्छा है,Hindi
हा एक सुंदर दिवस आहे,Marathi
तिमीलाई कस्तो छ?,Nepali
यो पुस्तक धेरै रोचक छ,Nepali
मौसम धेरै राम्रो छ,Nepali
एषः सुंदरः दिवसः अस्ति,Sanskrit
तू कसा आहेस?,Marathi
मी मराठी शिकत आहे ही पुस्तक खूप रंजक आहे,Marathi
यो पुस्तक धेरै रोचक छ,Nepali
म भोक लागेको छु,Nepali
तुम कैसे हो? कृपया मेरी मदद करें,Hindi
भारत एक महान देश हो मौसम धेरै राम्रो छ,Nepali
यह एक सुंदर दिन है,Hindi
यह पुस्तक बहुत रोचक है,Hindi
मौसम बहुत अच्छा है क्या समय हुआ है?,Hindi
भारत एक महान देश है मैं हिंदी सीख रहा हूँ,Hindi
ही पुस्तक खूप रंजक आहे,Marathi
एषा पुस्तिका रोचकं अस्ति,Sanskrit
कृपया मेरी मदद करें,Hindi
यो एक सुन्दर दिन हो,Nepali
अहं विद्यालयं गच्छामि,Sanskrit
तू कसा आहेस? कृपया माझी मदत करा,Marathi
कति बजेको छ? म भोक लागेको छु,Nepali
मला भूक लागली आहे हा एक सुंदर दिवस आहे,Marathi
मौसम बहुत अच्छा है,Hindi
भारत एक महान देश है,Hindi
क्या समय हुआ है? कृपया मेरी मदद करें,Hindi
मला भूक लागली आहे,Marathi
तू कसा आहेस?,Marathi
मौसम बहुत अच्छा है,Hindi
मौसम धेरै राम्रो छ यो एक सुन्दर दिन हो,Nepali
मम क्षुधा वर्तते त्वं कथं असि?,Sanskrit
त्वं कथं असि?,Sanskrit
मैं हिंदी सीख रहा हूँ,Hindi
कति बजेको छ? म भोक लागेको छु,Nepali
मुझे भूख लगी है,Hindi
त्वं कथं असि? त्वं कथं असि?,Sanskrit
तुम कैसे हो?,Hindi
मैं हिंदी सीख रहा हूँ,Hindi
मौसम धेरै राम्रो छ,Nepali
मुझे भूख लगी है क्या समय हुआ है?,Hindi
यह एक सुंदर दिन है मैं हिंदी सीख रहा हूँ,Hindi
कति बजेको छ?,Nepali
अहं विद्यालयं गच्छामि,Sanskrit
कृपया माझी मदत करा,Marathi
म बजार जाँदैछु,Nepali
यह एक सुंदर दिन है,Hindi
कृपया मलाई मद्दत गर,Nepali
कृपया माझी मदत करा,Marathi
यो पुस्तक धेरै रोचक छ,Nepali
अहं संस्कृतं पठामि,Sanskrit
यह एक सुंदर दिन है क्या समय हुआ है?,Hindi
कृपया माझी मदत करा,Marathi
मी मराठी शिकत आहे,Marathi
यो पुस्तक धेरै रोचक छ,Nepali
एषा पुस्तिका रोचकं अस्ति,Sanskrit
म भोक लागेको छु,Nepali
मौसम बहुत अच्छा है,Hindi
मैं हिंदी सीख रहा हूँ यह एक सुंदर दिन है,Hindi
यह एक सुंदर दिन है,Hindi
मैं बाजार जा रहा हूँ,Hindi
वातावरणं रमणीयं अस्ति,Sanskrit
मौसम धेरै राम्रो छ कृपया मलाई मद्दत गर,Nepali
मी मराठी शिकत आहे हवामान खूप छान आहे,Marathi
यह पुस्तक बहुत रोचक है तुम कैसे हो?,Hindi
वातावरणं रमणीयं अस्ति वातावरणं रमणीयं अस्ति,Sanskrit
अहं विद्यालयं गच्छामि,Sanskrit
भारत एक महान देश आहे तू कसा आहेस?,Marathi
कृपया मलाई मद्दत गर कृपया मलाई मद्दत गर,Nepali
मुझे भूख लगी है,Hindi
म नेपाली सिक्दैछु कृपया मलाई मद्दत गर,Nepali
म भोक लागेको छु,Nepali
तिमीलाई कस्तो छ? कृपया मलाई मद्दत गर,Nepali
कृपया माझी मदत करा,Marathi
मी बाजारात जात आहे,Marathi
तू कसा आहेस? भारत एक महान देश आहे,Marathi
मी बाजारात जात आहे वेळ किती वाजली आहे?,Marathi
यो एक सुन्दर दिन हो,Nepali
कियद्वेला जाता? अहं संस्कृतं पठामि,Sanskrit
यह पुस्तक बहुत रोचक है,Hindi
यो एक सुन्दर दिन हो,Nepali
हवामान खूप छान आहे,Marathi
मी मराठी शिकत आहे भारत एक महान देश आहे,Marathi
मैं बाजार जा रहा हूँ मैं हिंदी सीख रहा हूँ,Hindi
म नेपाली सिक्दैछु,Nepali
कियद्वेला जाता?,Sanskrit
हा एक सुंदर दिवस आहे,Marathi
यो एक सुन्दर दिन हो भारत एक महान देश हो,Nepali
मौसम धेरै राम्रो छ कृपया मलाई मद्दत गर,Nepali
यह एक सुंदर दिन है,Hindi
यह एक सुंदर दिन है,Hindi
मम क्षुधा वर्तते वातावरणं रमणीयं अस्ति,Sanskrit
तुम कैसे हो? तुम कैसे हो?,Hindi
मी मराठी शिकत आहे,Marathi
कृपया मेरी मदद करें यह एक सुंदर दिन है,Hindi
यो पुस्तक धेरै रोचक छ,Nepali
यह एक सुंदर दिन है मुझे भूख लगी है,Hindi
एषा पुस्तिका रोचकं अस्ति,Sanskrit
यह पुस्तक बहुत रोचक है,Hindi
म भोक लागेको छु,Nepali
भारतः महान् देशः अस्ति,Sanskrit
कृपया मेरी मदद करें यह पुस्तक बहुत रोचक है,Hindi
मला भूक लागली आहे,Marathi
मौसम बहुत अच्छा है मैं बाजार जा रहा हूँ,Hindi
म नेपाली सिक्दैछु कृपया मलाई मद्दत गर,Nepali
एषः सुंदरः दिवसः अस्ति मम क्षुधा वर्तते,Sanskrit
यो पुस्तक धेरै रोचक छ,Nepali
ही पुस्तक खूप रंजक आहे ही पुस्तक खूप रंजक आहे,Marathi
मी बाजारात जात आहे,Marathi
मम क्षुधा वर्तते,Sanskrit
तिमीलाई कस्तो छ?,Nepali
कृपया माझी मदत करा,Marathi
तिमीलाई कस्तो छ?,Nepali
अहं संस्कृतं पठामि,Sanskrit
यो एक सुन्दर दिन हो,Nepali
भारतः महान् देशः अस्ति,Sanskrit
कृपया मलाई मद्दत गर म भोक लागेको छु,Nepali
क्या समय हुआ है?,Hindi
भारत एक महान देश है,Hindi
भारतः महान् देशः अस्ति एषः सुंदरः दिवसः अस्ति,Sanskrit
मी मराठी शिकत आहे,Marathi
हवामान खूप छान आहे हवामान खूप छान आहे,Marathi
मैं हिंदी सीख रहा हूँ,Hindi
कृपया साहाय्यं कुरुत,Sanskrit
ही पुस्तक खूप रंजक आहे,Marathi
भारतः महान् देशः अस्ति मम क्षुधा वर्तते,Sanskrit
वेळ किती वाजली आहे? हा एक सुंदर दिवस आहे,Marathi
ही पुस्तक खूप रंजक आहे,Marathi
त्वं कथं असि?,Sanskrit
मौसम बहुत अच्छा है,Hindi
अहं विद्यालयं गच्छामि,Sanskrit
वेळ किती वाजली आहे?,Marathi
कृपया मलाई मद्दत गर,Nepali
एषः सुंदरः दिवसः अस्ति,Sanskrit
हवामान खूप छान आहे,Marathi
तू कसा आहेस?,Marathi
क्या समय हुआ है?,Hindi
यो पुस्तक धेरै रोचक छ तिमीलाई कस्तो छ?,Nepali
मौसम धेरै राम्रो छ,Nepali
वातावरणं रमणीयं अस्ति,Sanskrit
मुझे भूख लगी है,Hindi
मैं बाजार जा रहा हूँ,Hindi
भारत एक महान देश हो,Nepali
ही पुस्तक खूप रंजक आहे,Marathi
कृपया मेरी मदद करें,Hindi
मी बाजारात जात आहे,Marathi
मौसम धेरै राम्रो छ,Nepali
कृपया मेरी मदद करें मैं हिंदी सीख रहा हूँ,Hindi
हा एक सुंदर दिवस आहे मी मराठी शिकत आहे,Marathi
मौसम बहुत अच्छा है मुझे भूख लगी है,Hindi
त्वं कथं असि?,Sanskrit
भारत एक महान देश हो,Nepali
वेळ किती वाजली आहे?,Marathi
कृपया मेरी मदद करें,Hindi
हा एक सुंदर दिवस आहे,Marathi
कृपया मेरी मदद करें,Hindi
क्या समय हुआ है?,Hindi
मी बाजारात जात आहे,Marathi
कृपया माझी मदत करा,Marathi
हवामान खूप छान आहे,Marathi
यह एक सुंदर दिन है कृपया मेरी मदद करें,Hindi
कियद्वेला जाता? अहं संस्कृतं पठामि,Sanskrit
भारत एक महान देश हो,Nepali
त्वं कथं असि? वातावरणं रमणीयं अस्ति,Sanskrit
मला भूक लागली आहे,Marathi
कृपया साहाय्यं कुरुत,Sanskrit
भारतः महान् देशः अस्ति,Sanskrit
मुझे भूख लगी है,Hindi
अहं विद्यालयं गच्छामि,Sanskrit
म भोक लागेको छु,Nepali
वेळ किती वाजली आहे?,Marathi
म भोक लागेको छु मौसम धेरै राम्रो छ,Nepali
मैं हिंदी सीख रहा हूँ मुझे भूख लगी है,Hindi
कियद्वेला जाता?,Sanskrit
म बजार जाँदैछु,Nepali
एषः सुंदरः दिवसः अस्ति अहं विद्यालयं गच्छामि,Sanskrit
त्वं कथं असि?,Sanskrit
म भोक लागेको छु,Nepali
कियद्वेला जाता?,Sanskrit
ही पुस्तक खूप रंजक आहे,Marathi
कृपया मलाई मद्दत गर यो पुस्तक धेरै रोचक छ,Nepali
मैं हिंदी सीख रहा हूँ तुम कैसे हो?,Hindi
मी मराठी शिकत आहे,Marathi
कृपया साहाय्यं कुरुत अहं विद्यालयं गच्छामि,Sanskrit
त्वं कथं असि?,Sanskrit
यह एक सुंदर दिन है,Hindi
एषा पुस्तिका रोचकं अस्ति कृपया साहाय्यं कुरुत,Sanskrit
यह एक सुंदर दिन है,Hindi
मम क्षुधा वर्तते,Sanskrit
भारतः महान् देशः अस्ति,Sanskrit
म नेपाली सिक्दैछु,Nepali
म भोक लागेको छु,Nepali
कृपया साहाय्यं कुरुत वातावरणं रमणीयं अस्ति,Sanskrit
मी मराठी शिकत आहे,Marathi
मौसम बहुत अच्छा है,Hindi
त्वं कथं असि?,Sanskrit
कति बजेको छ?,Nepali
अहं विद्यालयं गच्छामि,Sanskrit
मौसम धेरै राम्रो छ,Nepali
म बजार जाँदैछु,Nepali
वातावरणं रमणीयं अस्ति,Sanskrit
यह एक सुंदर दिन है,Hindi
कति बजेको छ? भारत एक महान देश हो,Nepali
म बजार जाँदैछु,Nepali
कियद्वेला जाता?,Sanskrit
हा एक सुंदर दिवस आहे,Marathi
मैं बाजार जा रहा हूँ,Hindi
तू कसा आहेस?,Marathi
भारत एक महान देश हो,Nepali
म बजार जाँदैछु,Nepali
अहं विद्यालयं गच्छामि,Sanskrit
क्या समय हुआ है?,Hindi
भारतः महान् देशः अस्ति अहं विद्यालयं गच्छामि,Sanskrit
मैं बाजार जा रहा हूँ,Hindi
म बजार जाँदैछु,Nepali
मैं हिंदी सीख रहा हूँ,Hindi
यह पुस्तक बहुत रोचक है,Hindi
कृपया साहाय्यं कुरुत,Sanskrit
म नेपाली सिक्दैछु यो पुस्तक धेरै रोचक छ,Nepali
मौसम धेरै राम्रो छ,Nepali
म भोक लागेको छु,Nepali
मी बाजारात जात आहे,Marathi
यह पुस्तक बहुत रोचक है मुझे भूख लगी है,Hindi
कृपया माझी मदत करा,Marathi
कृपया मेरी मदद करें,Hindi
अहं संस्कृतं पठामि,Sanskrit
मी बाजारात जात आहे,Marathi
मी मराठी शिकत आहे,Marathi
म बजार जाँदैछु भारत एक महान देश हो,Nepali
तू कसा आहेस?,Marathi
कियद्वेला जाता? एषः सुंदरः दिवसः अस्ति,Sanskrit
कृपया मलाई मद्दत गर,Nepali
तू कसा आहेस? ही पुस्तक खूप रंजक आहे,Marathi
मी मराठी शिकत आहे,Marathi
कृपया मलाई मद्दत गर,Nepali
तुम कैसे हो?,Hindi
मौसम बहुत अच्छा है,Hindi
मैं बाजार जा रहा हूँ यह एक सुंदर दिन है,Hindi
यो एक सुन्दर दिन हो म नेपाली सिक्दैछु,Nepali
मी मराठी शिकत आहे,Marathi
म भोक लागेको छु,Nepali
भारतः महान् देशः अस्ति,Sanskrit
मौसम धेरै राम्रो छ,Nepali
तिमीलाई कस्तो छ?,Nepali
कृपया साहाय्यं कुरुत,Sanskrit
यो एक सुन्दर दिन हो,Nepali
मी मराठी शिकत आहे,Marathi
मी बाजारात जात आहे,Marathi
वेळ किती वाजली आहे? हवामान खूप छान आहे,Marathi
कृपया साहाय्यं कुरुत,Sanskrit
मौसम धेरै राम्रो छ,Nepali
मौसम बहुत अच्छा है,Hindi
